URL,Label
https://tse2.mm.bing.net/th?id=OIP.H6W_BNVmOmlBjMGwNXtdpgHaHa&pid=Api,Breitling
https://tse1.mm.bing.net/th?id=OIP.Z8l1CNXUR0urYSOqqtCziQHaHq&pid=Api,Breitling
https://tse1.mm.bing.net/th?id=OIP.J7IY5wjsGoJ7mzrhrf0khAHaHa&pid=Api,Breitling
https://tse2.mm.bing.net/th?id=OIP.RYVpH3KH5wuGM0q-il6D1gHaI0&pid=Api,Breitling
https://tse3.mm.bing.net/th?id=OIP.YclP0i-TRtu7MN155PHSmAHaHn&pid=Api,Breitling
https://tse2.mm.bing.net/th?id=OIP.c5-fv7sapm7NgQhUZLnteQHaHk&pid=Api,Breitling
https://tse2.mm.bing.net/th?id=OIP.LesyEmd81qqFJUa-YXgMYwHaIk&pid=Api,Breitling
https://tse3.mm.bing.net/th?id=OIP.AK-YelQ5UZy3Fkvf1VB3lAHaHa&pid=Api,Breitling
https://tse2.mm.bing.net/th?id=OIP.T5MO3cfIBkK3caY7LtyyqwHaHa&pid=Api,Breitling
https://tse4.mm.bing.net/th?id=OIP.__42xtf4QEMu5a0oQpJr2gHaHa&pid=Api,Breitling
https://tse3.mm.bing.net/th?id=OIP.z8lhyQNHqFc_Q8_GUITGTgHaHa&pid=Api,Breitling
https://tse1.mm.bing.net/th?id=OIP.Aw2LeRlVR_EYl9_Onq8wLQHaHa&pid=Api,Breitling
https://tse1.mm.bing.net/th?id=OIP.ghOg3hE4w8XHQDWd1BZi-AHaHC&pid=Api,Breitling
https://tse3.mm.bing.net/th?id=OIP.GkapTv_CJO-X-5kUKkKX-wHaHa&pid=Api,Breitling
https://tse2.mm.bing.net/th?id=OIP.51SNpX9zauiAat5lwmr1iwHaHa&pid=Api,Breitling
https://tse4.mm.bing.net/th?id=OIP.U0vTjMk2qixE9ELnflvQeAHaHa&pid=Api,Breitling
https://tse1.mm.bing.net/th?id=OIP.XmZ0HXWDCUT4ooZgDcr_mwHaHZ&pid=Api,Breitling
https://tse4.mm.bing.net/th?id=OIP.ckAY7ppTNLU_mQZl81pUoAHaHa&pid=Api,Breitling
https://tse3.mm.bing.net/th?id=OIP.PlHkfcsx902d4-k4M3a6LAHaHa&pid=Api,Breitling
https://tse4.mm.bing.net/th?id=OIP.9J0r6fuBtRZkfR2Iu0HVuwHaHa&pid=Api,Breitling
https://tse1.mm.bing.net/th?id=OIP.EwtR5obX-Fm6oKyLH5VeNQHaHa&pid=Api,Breitling
https://tse3.mm.bing.net/th?id=OIP.tvmYy9pE7_sNcY6QU8fpIAHaHa&pid=Api,Breitling
https://tse4.mm.bing.net/th?id=OIP.csOzVw6aD9FNT3bSupXkDwHaHa&pid=Api,Breitling
https://tse4.mm.bing.net/th?id=OIP.QJPN15W1IRWOXNTDL95FygHaHv&pid=Api,Breitling
https://tse4.mm.bing.net/th?id=OIP.Qn3_50jXKTeSI6MXg1yzIQHaGu&pid=Api,Breitling
https://tse1.mm.bing.net/th?id=OIP.LcAuHJKgtesmcB5l8oCpUAHaHa&pid=Api,Breitling
https://tse1.mm.bing.net/th?id=OIP.1K5oOAE0XB6x4nBn3JRizgHaHa&pid=Api,Breitling
https://tse2.mm.bing.net/th?id=OIP.u7mmZbx47e5_a70R3F_Q2wHaIq&pid=Api,Breitling
https://tse3.mm.bing.net/th?id=OIP.j9eqhRAUdV3cMo8qnyOSvgHaI8&pid=Api,Breitling
https://tse4.mm.bing.net/th?id=OIP.4L3UftEkRhbeoWX3L9WW6wHaHf&pid=Api,Breitling
https://tse4.mm.bing.net/th?id=OIP.bRpttzF23DZzPX7BSztq4wHaJC&pid=Api,Breitling
https://tse2.mm.bing.net/th?id=OIP.JulcU6RAauMDqbQvnI4vdQHaHu&pid=Api,Breitling
https://tse1.explicit.bing.net/th?id=OIP.s2fYtB50x23zZeJLGymaQAHaIC&pid=Api,Breitling
https://tse3.mm.bing.net/th?id=OIP.0M2P8MG_t_R5Q0GPNXs4JAHaHa&pid=Api,Breitling
https://tse4.mm.bing.net/th?id=OIP.PAKF2G7WyJt_9YEGtabvagHaG_&pid=Api,Breitling
https://tse2.mm.bing.net/th?id=OIP.V3RqOCuu0AKOq0S607C4ygHaHa&pid=Api,Breitling
https://tse2.mm.bing.net/th?id=OIP.4sW_8kI4uL52-lbVT33GQQHaHS&pid=Api,Breitling
https://tse3.mm.bing.net/th?id=OIP.h2HIkwYoWBKH3FvQipBzQQHaHa&pid=Api,Breitling
https://tse2.mm.bing.net/th?id=OIP.UjXF-wQ7pCh0MMBtV7BYDQHaHa&pid=Api,Breitling
https://tse1.mm.bing.net/th?id=OIP.7rAOCiHVKobpDiOuTIQ6UgHaHa&pid=Api,Breitling
https://tse4.mm.bing.net/th?id=OIP.1j-M4rzTm74Us8jbhS594wHaHa&pid=Api,Breitling
https://tse1.mm.bing.net/th?id=OIP.BsDOfCVzWFMXs3jdv0nCygHaHa&pid=Api,Breitling
https://tse4.mm.bing.net/th?id=OIP.xEnQcZm7hIM54Jm0II4j7wHaHa&pid=Api,Breitling
https://tse2.mm.bing.net/th?id=OIP.MDmX7J8UDOFEF79YXUV0yQHaJF&pid=Api,Breitling
https://tse2.mm.bing.net/th?id=OIP.TS3lZLwW336FAtzgzRLf-wHaIO&pid=Api,Breitling
https://tse2.mm.bing.net/th?id=OIP.Kl3Tua9hkRFYSRpvXtMkBAHaHa&pid=Api,Breitling
https://tse4.mm.bing.net/th?id=OIP.tnnY6DtTSeAF0NjP7-5RswHaHu&pid=Api,Breitling
https://tse3.mm.bing.net/th?id=OIP.IZNtHCPe83P5hg8w4KwD2AHaHa&pid=Api,Breitling
https://tse3.mm.bing.net/th?id=OIP.BIkc6_e806zw-a_t9mxRXAHaHa&pid=Api,Breitling
https://tse2.mm.bing.net/th?id=OIP.TlCiy1YcWY_AVdtfy__NugHaHa&pid=Api,Breitling
https://tse3.mm.bing.net/th?id=OIP.bAZL3uVcWvknk5LDRb0fxQHaIo&pid=Api,Breitling
https://tse3.mm.bing.net/th?id=OIP.K5ey7WijH8u3VAcDwOJJEwHaGw&pid=Api,Breitling
https://tse4.mm.bing.net/th?id=OIP.ZqidXMsup8vg8sPUKavpHQHaG8&pid=Api,Breitling
https://tse2.mm.bing.net/th?id=OIP.zGEUZpjrfDPpnN5IqNq8WQHaI8&pid=Api,Breitling
https://tse2.mm.bing.net/th?id=OIP.FZvzRbB-zquWFZgs_9Fz3gHaHl&pid=Api,Breitling
https://tse3.mm.bing.net/th?id=OIP.CAHV06ITjdaETbrPi1EH-wHaHa&pid=Api,Breitling
https://tse1.mm.bing.net/th?id=OIP.2GTZSYtOyWmMQHtj94Ms5wHaHa&pid=Api,Breitling
https://tse1.mm.bing.net/th?id=OIP.6SO_ABItm5lcI73J5QqRWwHaGz&pid=Api,Breitling
https://tse4.mm.bing.net/th?id=OIP.cnj0P2oZZbn0a-K8NchhIQHaIk&pid=Api,Breitling
https://tse1.mm.bing.net/th?id=OIP.Nbdl0ZPSTR7wiYjZUO02VgHaGL&pid=Api,Breitling
https://tse4.mm.bing.net/th?id=OIP.KI2dXvWjnxhf1qM-ctP9QQHaHa&pid=Api,Breitling
https://tse4.mm.bing.net/th?id=OIP.GGEKxt89iRNEny7OSLjojAHaHa&pid=Api,Breitling
https://tse2.mm.bing.net/th?id=OIP.1whu4Nq46tPaoIqiCcrVYQHaHa&pid=Api,Breitling
https://tse1.mm.bing.net/th?id=OIP.EIqcj_b_9YFQWAnZigIKRAHaHa&pid=Api,Breitling
https://tse1.mm.bing.net/th?id=OIP.UpzPYwRwXAaDiX1do91ySAHaHa&pid=Api,Breitling
https://tse3.mm.bing.net/th?id=OIP.TVkt2Tpmr2b9SsIFr9BrjwHaHa&pid=Api,Breitling
https://tse3.mm.bing.net/th?id=OIP.aa7Joe4HNMbGMbB1kWz-eAHaHa&pid=Api,Breitling
https://tse3.mm.bing.net/th?id=OIP.Mh-w-WDUu6hXTS-BhzysMQHaII&pid=Api,Breitling
https://tse3.mm.bing.net/th?id=OIP.F4Kwyusg_BPVmAQo7HNi8gHaHa&pid=Api,Breitling
https://tse2.mm.bing.net/th?id=OIP.6cdfvZxm975zcKwrY9h4VwHaHa&pid=Api,Breitling
https://tse2.mm.bing.net/th?id=OIP.wv8v7f2870-cIJciKOf6hQHaHa&pid=Api,Breitling
https://tse4.mm.bing.net/th?id=OIP._wNbA5lbue5CtLzve2R9NAHaHa&pid=Api,Breitling
https://tse2.mm.bing.net/th?id=OIP.Es25Py8WnKn4kTxBMeiQOgHaHa&pid=Api,Breitling
https://tse1.mm.bing.net/th?id=OIP.rObn3jxrlqnKld8R9X_HagHaHa&pid=Api,Breitling
https://tse4.mm.bing.net/th?id=OIP.HYkg83goPv9YPsHyTgK88wHaHa&pid=Api,Breitling
https://tse2.mm.bing.net/th?id=OIP.7qjC-gObQRlr30sDsYhFwgHaHa&pid=Api,Breitling
https://tse2.mm.bing.net/th?id=OIP.nXXQo9s259ZRwl8z-F16qAHaHa&pid=Api,Breitling
https://tse3.mm.bing.net/th?id=OIP.ch2gBB-g8eIiINgDfgLEbQHaIl&pid=Api,Breitling
https://tse3.mm.bing.net/th?id=OIP.uQhXjllOef6a81vlC8Ze9AHaHa&pid=Api,Breitling
https://tse3.mm.bing.net/th?id=OIP.h9zzPznSinxeO16uBcmZDQHaIl&pid=Api,Breitling
https://tse4.mm.bing.net/th?id=OIP.At7sefctpnS8PIY821sdvgHaHC&pid=Api,Breitling
https://tse2.mm.bing.net/th?id=OIP.g7NMUVbqdO40FS0N5ivpogHaHa&pid=Api,Breitling
https://tse2.mm.bing.net/th?id=OIP.em4sL3hTxSF20EjSsL6pJQHaHa&pid=Api,Breitling
https://tse1.mm.bing.net/th?id=OIP.hIubzQDsuh9SkXeDur6h7wHaHa&pid=Api,Breitling
https://tse3.mm.bing.net/th?id=OIP.49PEjTn54ji6XcJDysEt3gHaHa&pid=Api,Breitling
https://tse1.mm.bing.net/th?id=OIP.Mg02UyBmyhaWkyqfg8rmLAHaIl&pid=Api,Breitling
https://tse3.mm.bing.net/th?id=OIP.ugZrx_d9wt4BPzdX--dLHgHaHa&pid=Api,Breitling
https://tse2.mm.bing.net/th?id=OIP.DAFm-IHyeWjvJt54icadewHaIl&pid=Api,Breitling
https://tse4.mm.bing.net/th?id=OIP.BLiUar1O64y9W21JhIatRgHaGQ&pid=Api,Breitling
https://tse1.mm.bing.net/th?id=OIP.E9szzq6MDUx9oA3iLX1JGQHaHa&pid=Api,Breitling
https://tse1.mm.bing.net/th?id=OIP.Ad8JNLyFZ3wfH5kPEuCIowHaHa&pid=Api,Breitling
https://tse3.mm.bing.net/th?id=OIP.SBDaSmTOaHdpe_bZPLXCnQHaHa&pid=Api,Breitling
https://tse1.mm.bing.net/th?id=OIP.viH-UpwBFitYC4R4EJAhTAHaHa&pid=Api,Breitling
https://tse4.mm.bing.net/th?id=OIP.Sh1mGAIF0OUuC1evBOuHjQHaHa&pid=Api,Breitling
https://tse2.mm.bing.net/th?id=OIP.mOg1rcGi6bMmwZwjxxMwcQHaHa&pid=Api,Breitling
https://tse3.mm.bing.net/th?id=OIP.7FUObzj9QMZkcnQ80ZfRzAHaHa&pid=Api,Breitling
https://tse2.mm.bing.net/th?id=OIP.jS1hUiZxWMqXZy-nUv4JjAHaHa&pid=Api,Breitling
https://tse2.mm.bing.net/th?id=OIP.bz1boZV_pqyxu0jKiTf-AgHaHa&pid=Api,Breitling
https://tse1.mm.bing.net/th?id=OIP.DkTCjUlbLhZ7kPw4L_NIIgHaHa&pid=Api,Breitling
https://tse3.mm.bing.net/th?id=OIP.ZYX1vNfHmpT_INfd4-kftgHaHa&pid=Api,Breitling
https://tse1.mm.bing.net/th?id=OIP.MY84O_bzWOSu4mQOv0jU-QHaHa&pid=Api,Tissot
https://tse1.mm.bing.net/th?id=OIP.wXKdWnMUyEnteuKzsbDYMQHaHa&pid=Api,Tissot
https://tse3.mm.bing.net/th?id=OIP.hR4m4zXkC3_rx7I1ILoWPQHaHa&pid=Api,Tissot
https://tse2.mm.bing.net/th?id=OIP.7RGyB68N33RTc1yh_JXJKQHaIH&pid=Api,Tissot
https://tse1.mm.bing.net/th?id=OIP.EdjztZ5ZHNZns0Z7cdISOgHaHD&pid=Api,Tissot
https://tse1.mm.bing.net/th?id=OIP.gEFpOV_iihwT9GLnSN_ttAHaHg&pid=Api,Tissot
https://tse4.mm.bing.net/th?id=OIP.V-W2NxPSic_UIMCGgkc5YwHaHa&pid=Api,Tissot
https://tse3.mm.bing.net/th?id=OIP.s5qzlYA5lPJy0teQHaIUCwHaHa&pid=Api,Tissot
https://tse1.mm.bing.net/th?id=OIP.1rCXmMRIvbwDpMi3xR32ygHaHa&pid=Api,Tissot
https://tse1.mm.bing.net/th?id=OIP.e3s4hiwGGo4jhkLmAWvGHAHaHa&pid=Api,Tissot
https://tse4.mm.bing.net/th?id=OIP.4YSwanaxR8jlXmvACn3ZoAHaHa&pid=Api,Tissot
https://tse2.mm.bing.net/th?id=OIP.OZBkuZKBCmyb5pKnc-NklgHaHa&pid=Api,Tissot
https://tse1.mm.bing.net/th?id=OIP.7wZ24n_PeI_-BfbKoa9jtwHaHa&pid=Api,Tissot
https://tse4.mm.bing.net/th?id=OIP.dpdTsxAhyGOCgwFWeNZcawHaHQ&pid=Api,Tissot
https://tse3.mm.bing.net/th?id=OIP.EdmwZMtXb4ph3-uBdYrPCwD6D6&pid=Api,Tissot
https://tse1.mm.bing.net/th?id=OIP.NQY4w7u47VjzxutdvVK1BQHaHa&pid=Api,Tissot
https://tse2.mm.bing.net/th?id=OIP.XesrYQ5-XvVUJWOb5DIP4gHaIK&pid=Api,Tissot
https://tse2.mm.bing.net/th?id=OIP.yq9UWtFeCOrZXJeIT5T3HwHaHy&pid=Api,Tissot
https://tse3.mm.bing.net/th?id=OIP.ZfBrXbnr4Wh4gNaCC2V8bwHaHa&pid=Api,Tissot
https://tse3.mm.bing.net/th?id=OIP.Q0WpVinBrLMj8phB3yJ2kgHaHa&pid=Api,Tissot
https://tse4.mm.bing.net/th?id=OIP.zqCpF8uypOVB724riqc99gHaIM&pid=Api,Tissot
https://tse3.mm.bing.net/th?id=OIP.VxCqEa1m0WmB2hSrBSLjDgHaIA&pid=Api,Tissot
https://tse2.mm.bing.net/th?id=OIP.jPwY35bpZuBloU_CNxngjgHaHa&pid=Api,Tissot
https://tse2.mm.bing.net/th?id=OIP.-9TBKC4ll1IiMe70D7TXmwHaHa&pid=Api,Tissot
https://tse2.mm.bing.net/th?id=OIP.HbtHBq7DWx-J82wD_4qYBAHaHa&pid=Api,Tissot
https://tse2.mm.bing.net/th?id=OIP.EugUFoJvkKCs0b6pATOBcgHaHa&pid=Api,Tissot
https://tse2.mm.bing.net/th?id=OIP.P8AkIZPU7-vA-hvEFpblwAHaHa&pid=Api,Tissot
https://tse3.mm.bing.net/th?id=OIP.vYEffbzzHPW36TLJspiHzgHaHH&pid=Api,Tissot
https://tse3.mm.bing.net/th?id=OIP.clSD5_mZSfZ2YTE3HS3q8gHaJD&pid=Api,Tissot
https://tse2.mm.bing.net/th?id=OIP.r0qTYduszOBGo5e8s4l8pgHaHa&pid=Api,Tissot
https://tse4.mm.bing.net/th?id=OIP.lLF9BME5VGmQwnmxTk1ivAHaHa&pid=Api,Tissot
https://tse1.mm.bing.net/th?id=OIP.XBQNrCxALVMI4kvTAN1wewHaG3&pid=Api,Tissot
https://tse2.mm.bing.net/th?id=OIP.DGO__Re32YmOQeX38Xqp7gHaHa&pid=Api,Tissot
https://tse2.mm.bing.net/th?id=OIP.4Efx-_lQXv_83xlzqTud4AHaHa&pid=Api,Tissot
https://tse2.mm.bing.net/th?id=OIP.nvObOoWSuap_3Jbu-Cp-QgHaHa&pid=Api,Tissot
https://tse3.mm.bing.net/th?id=OIP.2OTyR3JtTxPHeEtYIJoQJAHaHa&pid=Api,Tissot
https://tse1.mm.bing.net/th?id=OIP.YLtNYEZJ87DH4wpOROk34QHaHS&pid=Api,Tissot
https://tse4.mm.bing.net/th?id=OIP.AvY8Gt-6RXSFKsPRZV85hQHaHa&pid=Api,Tissot
https://tse4.mm.bing.net/th?id=OIP.W3GUtkUDq-klwbKLvt2DywHaHa&pid=Api,Tissot
https://tse3.mm.bing.net/th?id=OIP.Is0gf06nIcjCwhVpt1CQKAHaHa&pid=Api,Tissot
https://tse4.mm.bing.net/th?id=OIP.tPMjEMAjTj21PU8fraU1iwHaI4&pid=Api,Tissot
https://tse1.mm.bing.net/th?id=OIP.Qt_sdfqpU-QVoMf_gO7xfgHaHa&pid=Api,Tissot
https://tse2.mm.bing.net/th?id=OIP.RVT_M6vpzol7dY90r4A0owHaHa&pid=Api,Tissot
https://tse1.mm.bing.net/th?id=OIP.onYJFe96ai1BP2Vl4LB4bgHaHa&pid=Api,Tissot
https://tse2.mm.bing.net/th?id=OIP.BCyEPpZrL-NMfF1haGopcQHaHa&pid=Api,Tissot
https://tse2.mm.bing.net/th?id=OIP.HzLFBr77kOgE-N3kxIGpEAHaHa&pid=Api,Tissot
https://tse4.mm.bing.net/th?id=OIP.QRBl7VHhtQ3jMf61PxhSwAHaHa&pid=Api,Tissot
https://tse2.mm.bing.net/th?id=OIP.ffYjnfK5rGhoNMC_fZ556AHaHa&pid=Api,Tissot
https://tse2.mm.bing.net/th?id=OIP.fCFkC7n0EIehTGgCyylJBwHaHa&pid=Api,Tissot
https://tse2.mm.bing.net/th?id=OIP.UgdejnsSAE9xrQgAOcmNtQHaHC&pid=Api,Tissot
https://tse1.mm.bing.net/th?id=OIP.SXg3wkxWqvl2-ooBOQaGKwHaHa&pid=Api,Tissot
https://tse2.mm.bing.net/th?id=OIP.E14bs5OLaX-fsnkvZ4eo5QHaHa&pid=Api,Tissot
https://tse4.mm.bing.net/th?id=OIP.jfvuUFqHlQTgG1cSc4WRwwHaHa&pid=Api,Tissot
https://tse2.mm.bing.net/th?id=OIP.5v-J4sZyX42tS4YcRSuKXgHaHa&pid=Api,Tissot
https://tse3.mm.bing.net/th?id=OIP.9KTSDem4t_jhUmAghYOdmgHaHa&pid=Api,Tissot
https://tse4.mm.bing.net/th?id=OIP.lkpCmGYx5XqLPmdqM6M_pAHaHa&pid=Api,Tissot
https://tse4.mm.bing.net/th?id=OIP.jWpsDBesYjzBQQqbrG2cjQHaHa&pid=Api,Tissot
https://tse2.mm.bing.net/th?id=OIP.i7HrM-ejgBJ0UrgaDoMangHaHa&pid=Api,Tissot
https://tse1.mm.bing.net/th?id=OIP.-EbF25tQTeCzJ-y8Zza37gHaHa&pid=Api,Tissot
https://tse3.mm.bing.net/th?id=OIP.FuNwvUmzF7UGLEHHDhIZRAHaHa&pid=Api,Tissot
https://tse2.mm.bing.net/th?id=OIP.yMkgSTdz5dEtRYlRq4w3ogD5D5&pid=Api,Tissot
https://tse3.mm.bing.net/th?id=OIP.8lPNBCipLxdZTFFKgUgupgHaHa&pid=Api,Tissot
https://tse4.mm.bing.net/th?id=OIP.sBABVP9KxWg3ij0oiRIWFQHaHa&pid=Api,Tissot
https://tse2.mm.bing.net/th?id=OIP.swtUGQMp_TlothxIqbLVTAHaHa&pid=Api,Tissot
https://tse3.mm.bing.net/th?id=OIP.KBBnbDwKguNhR2ia0hnLnQHaHa&pid=Api,Tissot
https://tse2.mm.bing.net/th?id=OIP.vOmlmVC3P2jg98op3w3HYQHaHa&pid=Api,Tissot
https://tse2.mm.bing.net/th?id=OIP.MSI5jLrfQ3WVbnc0M2dXgQHaHa&pid=Api,Tissot
https://tse4.mm.bing.net/th?id=OIP.mHa6wm6F-5Rpm5jfz0r5qgHaHa&pid=Api,Tissot
https://tse4.mm.bing.net/th?id=OIP.ZpJO3YyU6gAqWx3HpqzxmwHaHa&pid=Api,Tissot
https://tse3.mm.bing.net/th?id=OIP.8EZkdP9CXIaJZoVZsrcoUAHaHa&pid=Api,Tissot
https://tse2.mm.bing.net/th?id=OIP.wtjN-FqwH-Dei56So3wWmAHaHa&pid=Api,Tissot
https://tse2.mm.bing.net/th?id=OIP.D9jWj2f9cK8sreHX2_f8FAHaHa&pid=Api,Tissot
https://tse4.mm.bing.net/th?id=OIP.-Nqt6GQqegklFFl-minA6wHaHa&pid=Api,Tissot
https://tse1.mm.bing.net/th?id=OIP.OsU5cZRoj6sN-Rofx2V5KgHaHa&pid=Api,Tissot
https://tse2.mm.bing.net/th?id=OIP.wm68NxjUkKwi9pwcVxZs0QHaH6&pid=Api,Tissot
https://tse3.mm.bing.net/th?id=OIP.FlhhzXWfFeEn1IQex2PIkAHaHa&pid=Api,Tissot
https://tse4.mm.bing.net/th?id=OIP.RJgRIhYKGnjyc6wl_6K-yAHaHa&pid=Api,Tissot
https://tse2.mm.bing.net/th?id=OIP.HXfh6wy1Ogb9zCzkECSJcgHaHa&pid=Api,Tissot
https://tse4.mm.bing.net/th?id=OIP.U2ZFPm0fHTXWX0q9w8bUEwHaHa&pid=Api,Tissot
https://tse2.mm.bing.net/th?id=OIP.vpUJJzNCOpljherMVMfoyAD5D5&pid=Api,Tissot
https://tse1.mm.bing.net/th?id=OIP.gTKZr6zQwpiPPphs0hemiAHaHa&pid=Api,Tissot
https://tse1.mm.bing.net/th?id=OIP.sGB7tuTbIxUF-gRj9yHB7gHaHa&pid=Api,Tissot
https://tse3.mm.bing.net/th?id=OIP.YsA4VUjf0nRccFyCkyyxrgHaHa&pid=Api,Tissot
https://tse2.mm.bing.net/th?id=OIP.KlGR7duXfYt5hzWYE0VjYwHaHa&pid=Api,Tissot
https://tse2.mm.bing.net/th?id=OIP.n1bpxoohK085-43d11whvAHaHa&pid=Api,Tissot
https://tse1.mm.bing.net/th?id=OIP.PdmYGF-jaNzzaqyLAxObGQHaHa&pid=Api,Tissot
https://tse1.mm.bing.net/th?id=OIP.Q_dnv2DBln2X6fGU1GRdsgHaHa&pid=Api,Tissot
https://tse3.mm.bing.net/th?id=OIP.x6xpn_Ysyad-STVi4L68_wHaIR&pid=Api,Tissot
https://tse1.mm.bing.net/th?id=OIP.rWg29lKoI6tQqyAURXCgvQEsEs&pid=Api,Tissot
https://tse2.mm.bing.net/th?id=OIP.FTvxX5NIsqJ0uBfxwNFeewHaHa&pid=Api,Tissot
https://tse1.mm.bing.net/th?id=OIP._CnehO3fw7fMrNGJw58Z0AD5D5&pid=Api,Tissot
https://tse2.mm.bing.net/th?id=OIP.iHoObEoh9_qH4_QmkX1-tAHaHa&pid=Api,Tissot
https://tse2.mm.bing.net/th?id=OIP.P19z0GVyfUsS0twSbfCPjwHaHa&pid=Api,Tissot
https://tse1.explicit.bing.net/th?id=OIP.VSLXFWZqp8VvUUdnbZ8m1AHaHa&pid=Api,Tissot
https://tse3.mm.bing.net/th?id=OIP.o_vxajASzlx0qWeTMPlc1QEsEs&pid=Api,Tissot
https://tse1.mm.bing.net/th?id=OIP.kjRHBM7zQ2vABzGBNVh8GAHaHa&pid=Api,Tissot
https://tse1.mm.bing.net/th?id=OIP.zMa6dOsPhz4bg0RHIQJzLQHaHa&pid=Api,Tissot
https://tse2.explicit.bing.net/th?id=OIP.Xbjbou_jpSN9X7KKluympwHaIq&pid=Api,Tissot
https://tse3.mm.bing.net/th?id=OIP.8NDPSwPr8Thrq4Xmj6EE9QHaHa&pid=Api,Tissot
https://tse4.mm.bing.net/th?id=OIP.lbjF8251eUFOwnCdWWgBDAHaHa&pid=Api,Tissot
https://tse2.mm.bing.net/th?id=OIP.DXUHInyc2QhtV82PaXiQ6QHaHS&pid=Api,Omega
https://tse3.mm.bing.net/th?id=OIP.ijrMfgJ453obSezA-fbcRQHaHa&pid=Api,Omega
https://tse3.mm.bing.net/th?id=OIP.7pnhne--K5cX81v2m_hbrAHaG1&pid=Api,Omega
https://tse4.mm.bing.net/th?id=OIP.9tz8hPCDfmbrmgqs2dgyqwHaJQ&pid=Api,Omega
https://tse3.mm.bing.net/th?id=OIP.B0Cf5EsYq1hNaIRn6522UQHaIt&pid=Api,Omega
https://tse1.mm.bing.net/th?id=OIP.8aXPj4IMjiX2O33oUbI8cwHaHa&pid=Api,Omega
https://tse2.mm.bing.net/th?id=OIP.WPXzb6kTPMckdLuvOqMT3gHaIn&pid=Api,Omega
https://tse4.mm.bing.net/th?id=OIP.Dy3Txyh9ZXJQXWv0_OOHrgHaG1&pid=Api,Omega
https://tse4.mm.bing.net/th?id=OIP.LGU7wr-ZSPp2iEtV_MSstwHaHa&pid=Api,Omega
https://tse1.mm.bing.net/th?id=OIP.ybUQNz6fEQD0zc1COIjfDgHaHJ&pid=Api,Omega
https://tse3.mm.bing.net/th?id=OIP.VmZk8X47Pszbgq4iVaHw2AHaHs&pid=Api,Omega
https://tse1.mm.bing.net/th?id=OIP.-I4dhyPMrY0Qt_rrMGYKoQHaHr&pid=Api,Omega
https://tse3.mm.bing.net/th?id=OIP.aZRWMtOWupzl1DP2I-GT3QHaHa&pid=Api,Omega
https://tse3.mm.bing.net/th?id=OIP.PDf4ESUXnio3Pi5xw4A14gHaHa&pid=Api,Omega
https://tse2.mm.bing.net/th?id=OIP.SU4SLXFYA9IkfYM3BUwj-wHaHa&pid=Api,Omega
https://tse1.mm.bing.net/th?id=OIP.GappqEeE3v4V7Y16ZrkbJAHaHa&pid=Api,Omega
https://tse2.mm.bing.net/th?id=OIP.aiyNfiIbXgXZT3V632huywHaHa&pid=Api,Omega
https://tse3.mm.bing.net/th?id=OIP.Z86I3ECW08ztiIoYiit_QQHaHC&pid=Api,Omega
https://tse4.mm.bing.net/th?id=OIP.2GcbSyj7bxjJuMDR1gguCQHaIb&pid=Api,Omega
https://tse2.mm.bing.net/th?id=OIP.SsCpwc5UVu5Hv-eXGZ49gwHaHa&pid=Api,Omega
https://tse2.mm.bing.net/th?id=OIP.9alysP9wr9oMSIpvmeOeiQHaHa&pid=Api,Omega
https://tse3.mm.bing.net/th?id=OIP.YVxNY-6ARJgObfjgJzT19AHaHu&pid=Api,Omega
https://tse1.mm.bing.net/th?id=OIP.ED_d4La-dWl7SNQ3vMijvwHaIv&pid=Api,Omega
https://tse3.mm.bing.net/th?id=OIP.-70R4PpwH-xklwjVJKg9DwHaHm&pid=Api,Omega
https://tse4.mm.bing.net/th?id=OIP.0chVGTVQhNWD_4XxGt2LGgHaIu&pid=Api,Omega
https://tse1.mm.bing.net/th?id=OIP.-fYjU69tFF6fhKc0akwn8wHaHa&pid=Api,Omega
https://tse1.mm.bing.net/th?id=OIP.abrb-SXmhON2zYob1KweQgHaHZ&pid=Api,Omega
https://tse4.mm.bing.net/th?id=OIP.9HTjpYeRkbOmxknd7lao0AHaHa&pid=Api,Omega
https://tse1.mm.bing.net/th?id=OIP.xHypYzyqfUpJPVoaAItYEQDkER&pid=Api,Omega
https://tse4.mm.bing.net/th?id=OIP.SIeIrPIvcBAtP8T8-LxTTgHaHa&pid=Api,Omega
https://tse4.mm.bing.net/th?id=OIP.AF48JzwYPBMzSztKZyQA_AHaIF&pid=Api,Omega
https://tse2.mm.bing.net/th?id=OIP.KzRHW0G-SoqyxH7F1OWqSwHaJQ&pid=Api,Omega
https://tse3.mm.bing.net/th?id=OIP.RBOxzgq8LMoPAI2H08nWGAHaIF&pid=Api,Omega
https://tse1.mm.bing.net/th?id=OIP.THMpQcqS2Bijm2-Iym71kQHaHZ&pid=Api,Omega
https://tse1.mm.bing.net/th?id=OIP.98a7sS1yQZdFmcmB7G2CYgHaHs&pid=Api,Omega
https://tse4.mm.bing.net/th?id=OIP.387MN9cukoqZ0qZ4Pu-IwAHaId&pid=Api,Omega
https://tse4.mm.bing.net/th?id=OIP.MJ4_KxDFM-DUDcNI38sniAHaH2&pid=Api,Omega
https://tse4.mm.bing.net/th?id=OIP.mLMvOzns8Z_ExYbE4wtBXQHaIi&pid=Api,Omega
https://tse1.mm.bing.net/th?id=OIP._iMXTJSec-VaAmM9SdduYQHaHa&pid=Api,Omega
https://tse4.mm.bing.net/th?id=OIP.50-CtfXAPxWQSw7UYX_ZvgHaHa&pid=Api,Omega
https://tse2.mm.bing.net/th?id=OIP.PhNtMP7dI2oqa2H05rABngHaHa&pid=Api,Omega
https://tse2.mm.bing.net/th?id=OIP.ptUmqXHsdQiL7DA_i63CNgHaJQ&pid=Api,Omega
https://tse4.mm.bing.net/th?id=OIP.nBnFhh1gQlj1YshvVGMQTwHaHZ&pid=Api,Omega
https://tse3.mm.bing.net/th?id=OIP.5T7qshNH2XnSa6D4fQrPHQHaHa&pid=Api,Omega
https://tse4.mm.bing.net/th?id=OIP.SG3F1mI2QPsBS8who5iu4wHaHa&pid=Api,Omega
https://tse2.mm.bing.net/th?id=OIP.Hh94Iu0WgxG7q9mOYuCdXgHaHa&pid=Api,Omega
https://tse1.mm.bing.net/th?id=OIP.RdhYlYdrnfOBlofXYZImRgHaHa&pid=Api,Omega
https://tse2.mm.bing.net/th?id=OIP.kFTi57B8IPRcIkmWou4CAwHaHa&pid=Api,Omega
https://tse3.mm.bing.net/th?id=OIP.AshAkbprQH8kg1dkswvD8QHaHa&pid=Api,Omega
https://tse2.mm.bing.net/th?id=OIP.aUDGx00cC4tBSdqrjyVEyAHaHa&pid=Api,Omega
https://tse4.mm.bing.net/th?id=OIP.VSULN3ZFfkEvqzRpURCq_wHaIl&pid=Api,Omega
https://tse2.mm.bing.net/th?id=OIP.dODnNjaeXpT6qG-IvsmTpADjET&pid=Api,Omega
https://tse4.mm.bing.net/th?id=OIP.u8NHy1BmERv4HoBW2Nfi9wHaHR&pid=Api,Omega
https://tse4.mm.bing.net/th?id=OIP.Jwc9Ap2VA6FFDJGAvmaGvgHaHa&pid=Api,Omega
https://tse2.mm.bing.net/th?id=OIP.OgCr0N2M0jX0_i-JknYHwAHaHa&pid=Api,Omega
https://tse4.mm.bing.net/th?id=OIP.-_oAmCqkkM9xcsYefHSa6wHaH4&pid=Api,Omega
https://tse2.mm.bing.net/th?id=OIP.tN0KxP4VfFeptMaZQnS0qQHaHL&pid=Api,Omega
https://tse3.mm.bing.net/th?id=OIP.M7vwRLR77jKpc9is-h4oAwHaJA&pid=Api,Omega
https://tse4.mm.bing.net/th?id=OIP.ZhDGTJURQ_mKuquc9wcBWgHaHa&pid=Api,Omega
https://tse1.mm.bing.net/th?id=OIP.Mjd8keS71nUj6dXday7J1wHaHa&pid=Api,Omega
https://tse2.mm.bing.net/th?id=OIP.bPb-2n6Rn8kYhNbykPr9aQHaHN&pid=Api,Omega
https://tse4.mm.bing.net/th?id=OIP.5_lqKLgemCbANWe4x62TOAHaHa&pid=Api,Omega
https://tse3.mm.bing.net/th?id=OIP.S7JRpKGwEsROqPad_FmahAHaHa&pid=Api,Omega
https://tse1.mm.bing.net/th?id=OIP.4HDp48bbxHhQYRVLAB2bIAHaGu&pid=Api,Omega
https://tse4.mm.bing.net/th?id=OIP.dxDtl-fGybGLsWW7ROu6fgHaHa&pid=Api,Omega
https://tse4.mm.bing.net/th?id=OIP.6UlYlxp-fHN_mhoudDWk9AHaHa&pid=Api,Omega
https://tse2.mm.bing.net/th?id=OIP.al-W7zjkT63IueB-1zVgfwD6D6&pid=Api,Omega
https://tse2.mm.bing.net/th?id=OIP.04HU3F4MNSKtTDZML32b3AHaHa&pid=Api,Omega
https://tse1.mm.bing.net/th?id=OIP.h_xfpCAiGwQrPPcR06RxYgHaHa&pid=Api,Omega
https://tse1.mm.bing.net/th?id=OIP.nUJELLuYxg6HNCz2ykT_TAHaHa&pid=Api,Omega
https://tse1.mm.bing.net/th?id=OIP.jPxjiPCyN8P_bjHX-Ii0RAHaHa&pid=Api,Omega
https://tse3.mm.bing.net/th?id=OIP.gkslZNtCnyuKjMbwxmoukgHaHa&pid=Api,Omega
https://tse2.mm.bing.net/th?id=OIP.lSYb3geeUC0FDcbfMU7kCQHaHa&pid=Api,Omega
https://tse1.mm.bing.net/th?id=OIP.8xOEvRGDeVX8nSpZTbBLrQHaHa&pid=Api,Omega
https://tse4.mm.bing.net/th?id=OIP.-dbKLVMeQkNaEb8biEl1NwHaIU&pid=Api,Omega
https://tse3.mm.bing.net/th?id=OIP.st4JT3EzwRLNa_4jSVNAsAHaHa&pid=Api,Omega
https://tse1.mm.bing.net/th?id=OIP.IxXZ7aW49t6AdEpr_V6MRQHaHa&pid=Api,Omega
https://tse1.mm.bing.net/th?id=OIP.NRnOSQrWgwiEcXgrnVrnCwHaHQ&pid=Api,Omega
https://tse3.mm.bing.net/th?id=OIP.sRpXy63_Xa6K6qiRCTlf2AHaGd&pid=Api,Omega
https://tse2.mm.bing.net/th?id=OIP.y5f4pUjP1eVicbpgllyePQD5D5&pid=Api,Omega
https://tse3.mm.bing.net/th?id=OIP.DqWBfE3uj8pP4rxna7_EagHaG9&pid=Api,Omega
https://tse3.mm.bing.net/th?id=OIP.nsnMy-XHrGv0MtsqdcoPUwHaHa&pid=Api,Omega
https://tse4.mm.bing.net/th?id=OIP.6EP95-UWqNQaAQmYrdJ6HwHaIQ&pid=Api,Omega
https://tse4.mm.bing.net/th?id=OIP.6gRq-e9ZcYJA8UF23KSvBwHaJQ&pid=Api,Omega
https://tse3.mm.bing.net/th?id=OIP.veDYSIF93Zw9iplZ0POMrgHaHa&pid=Api,Omega
https://tse1.mm.bing.net/th?id=OIP.0Ga8YuV7k1c9P4TR1YDfTQHaHa&pid=Api,Omega
https://tse2.mm.bing.net/th?id=OIP.LVgh6D37_hjQOs-6Qilg1QHaHa&pid=Api,Omega
https://tse1.mm.bing.net/th?id=OIP.-93RQYzX2hwf7k2mL11etQHaH6&pid=Api,Omega
https://tse3.mm.bing.net/th?id=OIP.2N_j8qzTT7twmpwYlOsrZgHaHa&pid=Api,Omega
https://tse1.mm.bing.net/th?id=OIP.jW1Cleiid_C-2itGTDeqVgHaJQ&pid=Api,Omega
https://tse1.mm.bing.net/th?id=OIP.6umurcM1dNmsAOcqmKb2AwHaHa&pid=Api,Omega
https://tse4.mm.bing.net/th?id=OIP.mTabBVgqN-9KRKR-V6zKrwHaHa&pid=Api,Omega
https://tse3.mm.bing.net/th?id=OIP.7fzECW_a7_9svgUhk0HgqQHaHa&pid=Api,Omega
https://tse2.mm.bing.net/th?id=OIP.0jWqmqGXBJMsWd13_nSPvgHaHa&pid=Api,Omega
https://tse1.mm.bing.net/th?id=OIP.YALR_qLUIa1hcsJH5lY4uwHaHa&pid=Api,Omega
https://tse4.mm.bing.net/th?id=OIP.2XihNBQM1Q0sqO25w4g90wHaHa&pid=Api,Omega
https://tse2.mm.bing.net/th?id=OIP.uD3d_2TtwqWAVj06W3QeEgHaHY&pid=Api,Omega
https://tse2.mm.bing.net/th?id=OIP.03xeJi0v1dHHUY-K9IEmBwHaHa&pid=Api,Omega
https://tse3.mm.bing.net/th?id=OIP._cd2ajiZrZUJWvL4bgK5eAHaHf&pid=Api,Omega
https://tse4.mm.bing.net/th?id=OIP.jtoTz1CgHc3DpXbNmlJ_FgHaHa&pid=Api,Omega
https://tse3.mm.bing.net/th?id=OIP.L_zrMY9ByNpZRomKoh4OQgHaJA&pid=Api,Rolex
https://tse4.mm.bing.net/th?id=OIP.6AbN1rj5TPDOH6KY8TmmUAHaIi&pid=Api,Rolex
https://tse1.mm.bing.net/th?id=OIP.3M8Zclf3zKcoMEbYdDNOHAHaHa&pid=Api,Rolex
https://tse2.mm.bing.net/th?id=OIP.MbOndDTRLyT_pc8ni-ZMFQHaHa&pid=Api,Rolex
https://tse4.mm.bing.net/th?id=OIP.lU79_XV08DzlRQ2UiJ4zvAHaI_&pid=Api,Rolex
https://tse3.mm.bing.net/th?id=OIP.aoqgH_6b_65riQeRKLpdZwHaHa&pid=Api,Rolex
https://tse3.mm.bing.net/th?id=OIP.7X56Mdvy0sV8m0oqXv1DbwHaHa&pid=Api,Rolex
https://tse2.mm.bing.net/th?id=OIP.-sTmiOpyaF9qOVIAcWqA4wHaHa&pid=Api,Rolex
https://tse3.mm.bing.net/th?id=OIP.wqjQta0u-GHk11UGXumwzwHaHa&pid=Api,Rolex
https://tse3.mm.bing.net/th?id=OIP.6aq2QO1RPigGNtr1uvajzQHaHa&pid=Api,Rolex
https://tse4.mm.bing.net/th?id=OIP.pKpre8cCoGQVNnzZYym3EgHaHa&pid=Api,Rolex
https://tse2.mm.bing.net/th?id=OIP.p75hYrfADpCwRG69a9olNgHaI_&pid=Api,Rolex
https://tse1.mm.bing.net/th?id=OIP.7UIDtZe3T5Lc2f5fU3wKFAHaJP&pid=Api,Rolex
https://tse4.mm.bing.net/th?id=OIP.wcOvQ_TszoaP7qKND_7KPAHaHa&pid=Api,Rolex
https://tse3.mm.bing.net/th?id=OIP.T60QnbKlQKf16IY86CHtgwHaHe&pid=Api,Rolex
https://tse3.mm.bing.net/th?id=OIP.kOC57pIkA5o4Ea7zA47m_wHaHs&pid=Api,Rolex
https://tse2.mm.bing.net/th?id=OIP.l09bfMb65TqTLQJn3xbpbQHaHa&pid=Api,Rolex
https://tse2.mm.bing.net/th?id=OIP.RjVl2rPmsSvHUBer8sDqjgHaGQ&pid=Api,Rolex
https://tse1.mm.bing.net/th?id=OIP.3PB74POYFap5GpuWR0jXjwHaHK&pid=Api,Rolex
https://tse3.mm.bing.net/th?id=OIP.2CWD9civIKk0BkQ3b49E8gHaHa&pid=Api,Rolex
https://tse2.mm.bing.net/th?id=OIP.PveefUgStAdO0NGrgA4H7gHaHR&pid=Api,Rolex
https://tse1.mm.bing.net/th?id=OIP._m2mfe2HXOD89R5UDkZYaQHaHa&pid=Api,Rolex
https://tse1.mm.bing.net/th?id=OIP.6rwTkeJDti-_bO87PZyWaAHaHa&pid=Api,Rolex
https://tse3.mm.bing.net/th?id=OIP.V9aNvo8MbgSgRBLG780A-QHaGj&pid=Api,Rolex
https://tse2.mm.bing.net/th?id=OIP.3_19tiNwVnsGXE2sEzQqWwHaHa&pid=Api,Rolex
https://tse2.mm.bing.net/th?id=OIP.-7smieOLKGj8_rlJ5OcH1QHaIV&pid=Api,Rolex
https://tse3.mm.bing.net/th?id=OIP.O44vlKBJJpeN9onJ0LsO8gHaHa&pid=Api,Rolex
https://tse1.mm.bing.net/th?id=OIP.UHaLuF5uIIY2d8UiEDy6nwHaHh&pid=Api,Rolex
https://tse3.mm.bing.net/th?id=OIP.Hwft1da5XeII2jRPoCLTtAHaHa&pid=Api,Rolex
https://tse4.mm.bing.net/th?id=OIP.Kp0sFkf0isUL8-NN5wUH0AHaHa&pid=Api,Rolex
https://tse3.mm.bing.net/th?id=OIP.aki00g11PK9zY0v6dXQ96AHaHa&pid=Api,Rolex
https://tse4.mm.bing.net/th?id=OIP.mOVLGsVZ7j-jG7fyJrDEUQHaHP&pid=Api,Rolex
https://tse1.mm.bing.net/th?id=OIP.3vcwu13A4fixi_DI66X3UgHaHa&pid=Api,Rolex
https://tse1.mm.bing.net/th?id=OIP.8oLZ0CeibsYOIHRx8_eILQHaHa&pid=Api,Rolex
https://tse4.mm.bing.net/th?id=OIP.YD-cXW3gCPYvfkTD6j2hQgHaHa&pid=Api,Rolex
https://tse1.mm.bing.net/th?id=OIP.VdcoTOlOzkM-Mvc8z06c-wHaHa&pid=Api,Rolex
https://tse2.mm.bing.net/th?id=OIP.NKlf5beTd20dcZjOjELVPAHaHa&pid=Api,Rolex
https://tse2.mm.bing.net/th?id=OIP.uYotsDWrCCvn5R3_fIB1VgHaHU&pid=Api,Rolex
https://tse3.mm.bing.net/th?id=OIP.CJR4yPyiCXf9yCHyJGJ5PgHaHa&pid=Api,Rolex
https://tse3.mm.bing.net/th?id=OIP.0r4MxYlgSHZTy2dWPMsCngHaHa&pid=Api,Rolex
https://tse3.mm.bing.net/th?id=OIP.fEBh435EZFaWhsRvBTNUjAHaGW&pid=Api,Rolex
https://tse3.mm.bing.net/th?id=OIP.sPZk0GMDVtwH7ewQAL5yIwHaHa&pid=Api,Rolex
https://tse1.mm.bing.net/th?id=OIP.cDLOPDgldWaeAByap4KpawHaHa&pid=Api,Rolex
https://tse2.mm.bing.net/th?id=OIP.cjHjJBvwjZH4CwvYgD15pgHaHa&pid=Api,Rolex
https://tse4.mm.bing.net/th?id=OIP.s1Dxe1AoZATgvv7-Hh0WGgHaHa&pid=Api,Rolex
https://tse3.mm.bing.net/th?id=OIP.5TOL-j5D3-qAgc00KdvmBQHaGS&pid=Api,Rolex
https://tse2.mm.bing.net/th?id=OIP.594tiqHuKonLCo0gmaaQVQHaHa&pid=Api,Rolex
https://tse4.mm.bing.net/th?id=OIP.LWzoxnGcNSusWmbmPdqUTAHaHa&pid=Api,Rolex
https://tse4.mm.bing.net/th?id=OIP.TrGKHO8bwJSD2Qs-bZP3DAHaGq&pid=Api,Rolex
https://tse2.mm.bing.net/th?id=OIP.pz1JnkA8NPpqHfi52IPXYgHaHa&pid=Api,Rolex
https://tse4.mm.bing.net/th?id=OIP.s0Da5mOiQDzt7gylxIRxkwHaH-&pid=Api,Rolex
https://tse3.mm.bing.net/th?id=OIP.7mfzy24GDCvXPRtLSGww2QHaHa&pid=Api,Rolex
https://tse1.mm.bing.net/th?id=OIP.kwmm9uFbnsGVbHAu98phDgHaHa&pid=Api,Rolex
https://tse4.mm.bing.net/th?id=OIP.JFHELA9qb603e-DvCqswWAEsEi&pid=Api,Rolex
https://tse2.mm.bing.net/th?id=OIP.b87_lwt9-s9so-ckcdohUwHaGk&pid=Api,Rolex
https://tse1.mm.bing.net/th?id=OIP.4-4UcL3aBSaF729t8zfN8AHaHk&pid=Api,Rolex
https://tse3.mm.bing.net/th?id=OIP.nSsXZKuR-SIABo6Sz2uCMgHaHa&pid=Api,Rolex
https://tse1.mm.bing.net/th?id=OIP.dw0D5Tat25v9MsuqufVXIAHaHa&pid=Api,Rolex
https://tse1.explicit.bing.net/th?id=OIP.046ogjVjpJD-sJIr9zLF1gHaHa&pid=Api,Rolex
https://tse2.mm.bing.net/th?id=OIP.3zLoKTS5MCyjDEfr9PPBxwHaHa&pid=Api,Rolex
https://tse4.mm.bing.net/th?id=OIP.Oyqeft8UW8Yw1SEQCw-1rQHaHa&pid=Api,Rolex
https://tse1.mm.bing.net/th?id=OIP.lcXCCaFkqYvf5Nr0pAe-nwHaIl&pid=Api,Rolex
https://tse4.mm.bing.net/th?id=OIP.vZoEGYVomrHbFwVJ41-jGAHaHa&pid=Api,Rolex
https://tse3.mm.bing.net/th?id=OIP.p2BoVJWz4O5PCwwbJFAegQHaGM&pid=Api,Rolex
https://tse4.mm.bing.net/th?id=OIP.vGC99lNztTHwq6Hv4-4G4wHaHa&pid=Api,Rolex
https://tse2.mm.bing.net/th?id=OIP.phYeK88qGmx_eIFMCU0W7wHaHa&pid=Api,Rolex
https://tse3.mm.bing.net/th?id=OIP.acYtEt5IBuPYB48FOCMpbAHaIB&pid=Api,Rolex
https://tse1.mm.bing.net/th?id=OIP.BshgZaZslEyC_0YXvuSg9QHaHa&pid=Api,Rolex
https://tse1.mm.bing.net/th?id=OIP.ihKtS4nZprxbwu8WWZ37jgHaHa&pid=Api,Rolex
https://tse4.mm.bing.net/th?id=OIP.ISayWovQUtC2f4Y855LhnAHaHa&pid=Api,Rolex
https://tse4.mm.bing.net/th?id=OIP.JltuqdQKrUq1-wZk69GCwwHaHa&pid=Api,Rolex
https://tse2.mm.bing.net/th?id=OIP.d5ff3fquO3SydC5YHMUZmgHaHa&pid=Api,Rolex
https://tse4.mm.bing.net/th?id=OIP.bdhHk-ijtPkL0MHVanlfnAHaHa&pid=Api,Rolex
https://tse2.mm.bing.net/th?id=OIP.wCWJU_tUXMXQjh07EsEu-QHaHa&pid=Api,Rolex
https://tse3.mm.bing.net/th?id=OIP.p9irzZR0W92Ugz8cLf_FuAHaHa&pid=Api,Rolex
https://tse4.mm.bing.net/th?id=OIP.92Q6-UemgD0yktxau8M2lQHaHa&pid=Api,Rolex
https://tse3.mm.bing.net/th?id=OIP.7GJBfRkchjHk_bsMBGzJtAHaHa&pid=Api,Rolex
https://tse1.mm.bing.net/th?id=OIP.Vt-XeAYwIZWE3gviX7oLPQHaHa&pid=Api,Rolex
https://tse3.mm.bing.net/th?id=OIP.e71ChMV8H5V2-oFuOyzZ1AHaGm&pid=Api,Rolex
https://tse3.mm.bing.net/th?id=OIP.La-HyyMqaNm5p8hd5qWNEwHaHk&pid=Api,Rolex
https://tse4.mm.bing.net/th?id=OIP.GitfZdWnIPmRjHQUCtNUIAHaHa&pid=Api,Rolex
https://tse4.mm.bing.net/th?id=OIP.OVLX0w8yWZMzk-HJZz2NwQHaIl&pid=Api,Rolex
https://tse3.mm.bing.net/th?id=OIP.pxInvan2y5h2t6B4W1iqGgHaHa&pid=Api,Rolex
https://tse3.mm.bing.net/th?id=OIP.nd6L14t6SKWZJj7k85mH_wHaHa&pid=Api,Rolex
https://tse4.mm.bing.net/th?id=OIP.uUDsmAqqA0y6lru-3wsQkAHaHa&pid=Api,Rolex
https://tse1.mm.bing.net/th?id=OIP.mOqS3U6L6RQWvY4FBoA5EwHaHa&pid=Api,Rolex
https://tse2.mm.bing.net/th?id=OIP.UU7bA6udxMCvNdoAIKO75gHaHa&pid=Api,Rolex
https://tse3.mm.bing.net/th?id=OIP.aIl47E9J_82hcXzPl3fSTwHaHa&pid=Api,Rolex
https://tse2.mm.bing.net/th?id=OIP.wAxea2XXkZfPPlBMiGuZ9QHaHa&pid=Api,Rolex
https://tse2.mm.bing.net/th?id=OIP.o7J3xBNORecUynNxH47xSQHaHa&pid=Api,Rolex
https://tse1.mm.bing.net/th?id=OIP.GfWo_oc7qr4MfInnTLtuVAHaHa&pid=Api,Rolex
https://tse1.mm.bing.net/th?id=OIP.2O8dH99zAsxmJ0XsM7DnBQHaHa&pid=Api,Rolex
https://tse1.mm.bing.net/th?id=OIP.F6QS_yARIbNNrgDDCCcOtQHaHa&pid=Api,Rolex
https://tse1.mm.bing.net/th?id=OIP.JCc7rzivYiTH9R581xxMdgHaIq&pid=Api,Rolex
https://tse1.mm.bing.net/th?id=OIP.2PoNUcDxAFjJX5qOu9fmnAHaHZ&pid=Api,Rolex
https://tse2.mm.bing.net/th?id=OIP.0zWNOsrWVxkHpCFM7zOXywHaHa&pid=Api,Rolex
https://tse2.mm.bing.net/th?id=OIP.4niXxt9DltneKt-H-w8IFQHaHa&pid=Api,Rolex
https://tse1.mm.bing.net/th?id=OIP.ODhoxSUN5RVKTRg0Rkg_vgHaHD&pid=Api,Rolex
https://tse2.mm.bing.net/th?id=OIP.tf7Zcmj6ZcOEX1z-xR4DzgHaHa&pid=Api,Rolex
https://tse2.mm.bing.net/th?id=OIP.c-O_b7KNVGvjv5jTWTNYBQHaHa&pid=Api,Rolex
https://tse1.mm.bing.net/th?id=OIP.zyRKWw7WMexO6ryEoR0TCAHaIl&pid=Api,Audemars Piguet
https://tse1.mm.bing.net/th?id=OIP.pR4TvpYD7jYBpfKDVQtBZAHaHa&pid=Api,Audemars Piguet
https://tse2.mm.bing.net/th?id=OIP.VrDrB9ZCda3WKvPCLPSZuwHaHv&pid=Api,Audemars Piguet
https://tse2.mm.bing.net/th?id=OIP.1uyaT3x4fBsMTVgRybkQSQHaHa&pid=Api,Audemars Piguet
https://tse2.mm.bing.net/th?id=OIP.TQ4c0TAEWxuTTVtD6AjtKgHaHa&pid=Api,Audemars Piguet
https://tse1.mm.bing.net/th?id=OIP.xHv1Nip-AWzSptno1PRGVAHaHa&pid=Api,Audemars Piguet
https://tse1.mm.bing.net/th?id=OIP.WdBGSdvT37M3zvIQZ8h9EgHaGd&pid=Api,Audemars Piguet
https://tse1.mm.bing.net/th?id=OIP.L9VWDI7z4fPuYCgNUINzcAHaHa&pid=Api,Audemars Piguet
https://tse4.mm.bing.net/th?id=OIP.e0uVKeKfVtyz2I-MScxqBgHaHK&pid=Api,Audemars Piguet
https://tse1.mm.bing.net/th?id=OIP.82bRQxfD-j2k-d-CAL5ZCgHaHa&pid=Api,Audemars Piguet
https://tse2.mm.bing.net/th?id=OIP.0txKI4SugP-pVV9Vbkv2TgHaHa&pid=Api,Audemars Piguet
https://tse3.mm.bing.net/th?id=OIP.px2YuHuhPRN6w_2D3XREzwHaHa&pid=Api,Audemars Piguet
https://tse3.mm.bing.net/th?id=OIP.-x0PUd2XJRK_BCPT7WUmRQHaHa&pid=Api,Audemars Piguet
https://tse4.mm.bing.net/th?id=OIP.B7nlD23bSGxOELGftby73QHaIl&pid=Api,Audemars Piguet
https://tse2.mm.bing.net/th?id=OIP.LRLfBy8I3cr7TP298QUtpAHaHk&pid=Api,Audemars Piguet
https://tse1.mm.bing.net/th?id=OIP.VsL4J5_hj2tTNz6jEb-imAHaIl&pid=Api,Audemars Piguet
https://tse2.mm.bing.net/th?id=OIP.Cu4Os_IteLVCrQQNhOw08QHaIl&pid=Api,Audemars Piguet
https://tse1.mm.bing.net/th?id=OIP.M8tfHPGUvhlN0YLJuT-gLQHaHa&pid=Api,Audemars Piguet
https://tse4.mm.bing.net/th?id=OIP.v9NTq8ZCKJoApeKhpR4DjQHaHa&pid=Api,Audemars Piguet
https://tse1.mm.bing.net/th?id=OIP.mBQGdEYjMVbhmXPVFvlWyAHaHC&pid=Api,Audemars Piguet
https://tse3.mm.bing.net/th?id=OIP.CLkC3g58FMLc7huTRDti0QHaHa&pid=Api,Audemars Piguet
https://tse4.mm.bing.net/th?id=OIP.0EhkgBMDNM4Z8v5KEtMuHwHaHa&pid=Api,Audemars Piguet
https://tse2.mm.bing.net/th?id=OIP.DVmpEWvbj57VpGyzOmH3NAHaIl&pid=Api,Audemars Piguet
https://tse2.mm.bing.net/th?id=OIP.5tcIdwSPwSFzWCa64ILU2gHaHa&pid=Api,Audemars Piguet
https://tse1.mm.bing.net/th?id=OIP.Pc_rWLvPDSOTjiEpcibLHwHaHa&pid=Api,Audemars Piguet
https://tse1.mm.bing.net/th?id=OIP.CXiFtBpSl7rBYl88zSxoFAHaHa&pid=Api,Audemars Piguet
https://tse2.explicit.bing.net/th?id=OIP.CR1gWwCQhxwjaiqfzlUAYAHaHa&pid=Api,Audemars Piguet
https://tse3.mm.bing.net/th?id=OIP.VLuImbrAWxDk28lBd1rakAHaHa&pid=Api,Audemars Piguet
https://tse2.mm.bing.net/th?id=OIP.u8NbL94OluP7CYxf4Ip2FwHaHa&pid=Api,Audemars Piguet
https://tse4.mm.bing.net/th?id=OIP.FhMX4PNdeGmmhTaCiGViJQHaHa&pid=Api,Audemars Piguet
https://tse2.mm.bing.net/th?id=OIP.aL_HlJJW-60jmwRSiWlO3gHaHR&pid=Api,Audemars Piguet
https://tse3.mm.bing.net/th?id=OIP.K23aOMnqREdWkIitiwpimwHaHa&pid=Api,Audemars Piguet
https://tse2.mm.bing.net/th?id=OIP.ldY7W04xT-QkkOvndEuZ2gHaHa&pid=Api,Audemars Piguet
https://tse4.mm.bing.net/th?id=OIP.6DoGcKdh9vij2aC0GQmpkwHaHa&pid=Api,Audemars Piguet
https://tse2.mm.bing.net/th?id=OIP.oRfgej27sI3CODnMlnLhrwHaHa&pid=Api,Audemars Piguet
https://tse2.mm.bing.net/th?id=OIP.6OguGUn-gbStCFKMGU-TpQHaHa&pid=Api,Audemars Piguet
https://tse1.mm.bing.net/th?id=OIP.rucQ-rIiSM9-629wI3azJQHaHa&pid=Api,Audemars Piguet
https://tse4.mm.bing.net/th?id=OIP.lw7UXgt4vX_vT9julPrehAHaHa&pid=Api,Audemars Piguet
https://tse1.mm.bing.net/th?id=OIP.7T_70of_-oRDpBxpozDNYgHaHa&pid=Api,Audemars Piguet
https://tse2.mm.bing.net/th?id=OIP.Icsk5ugxQUQcbFtJoyq55AHaHa&pid=Api,Audemars Piguet
https://tse3.mm.bing.net/th?id=OIP.uAE8Lks9UFu9JynAYh73CgHaHa&pid=Api,Audemars Piguet
https://tse2.mm.bing.net/th?id=OIP.KpjPpLgNAE7voREM6X3i2gHaIl&pid=Api,Audemars Piguet
https://tse1.mm.bing.net/th?id=OIP.qgBXBlqIIt4sG33bVE74XAHaHa&pid=Api,Audemars Piguet
https://tse1.mm.bing.net/th?id=OIP.Y9vjUs2AMhQDF6q9CoLZLgHaHa&pid=Api,Audemars Piguet
https://tse1.mm.bing.net/th?id=OIP.lhhLbxGaUDNNWVnQ9x8DGgHaHa&pid=Api,Audemars Piguet
https://tse2.mm.bing.net/th?id=OIP.rHXo8aR1qN9-BD-j8hQecwHaJQ&pid=Api,Audemars Piguet
https://tse2.mm.bing.net/th?id=OIP.0sc9fVxdFAYC-8Tw9nWdRAHaJQ&pid=Api,Audemars Piguet
https://tse4.mm.bing.net/th?id=OIP.AATkgCnAmV8YpWjHzg0GuwHaHa&pid=Api,Audemars Piguet
https://tse1.mm.bing.net/th?id=OIP.XMJRaG3RXiato0qepjeLqAHaHa&pid=Api,Audemars Piguet
https://tse1.mm.bing.net/th?id=OIP.ff4s-wCglRxT2ae0ISUE-QHaJH&pid=Api,Audemars Piguet
https://tse4.mm.bing.net/th?id=OIP.EOzV5310nuPhNzZNFAoWowHaHa&pid=Api,Audemars Piguet
https://tse3.mm.bing.net/th?id=OIP.YHAnbXRfbkcyUGOHrKdY_QHaIl&pid=Api,Audemars Piguet
https://tse3.mm.bing.net/th?id=OIP.Dwpt1qUrE34nHSW6pX3JtgHaHa&pid=Api,Audemars Piguet
https://tse4.mm.bing.net/th?id=OIP.02ebyNQhqY3krV05TC5uiAHaHa&pid=Api,Audemars Piguet
https://tse3.mm.bing.net/th?id=OIP.Y6dwsMdIW9la2lD__ZrwBQHaHa&pid=Api,Audemars Piguet
https://tse1.mm.bing.net/th?id=OIP.0qPPu_G9QFCYsdSpIxfOmQHaHa&pid=Api,Audemars Piguet
https://tse3.mm.bing.net/th?id=OIP.NAKFGDnZpL_b4fH9OFGY9gHaHa&pid=Api,Audemars Piguet
https://tse1.mm.bing.net/th?id=OIP.4N2if9huHGoknJVm95DMqAHaHa&pid=Api,Audemars Piguet
https://tse2.mm.bing.net/th?id=OIP.RCp7hwr_c9U0zgwIcLrm0QHaHa&pid=Api,Audemars Piguet
https://tse2.mm.bing.net/th?id=OIP.y1Gtk6PkGTASGKJ682B3ogHaHa&pid=Api,Audemars Piguet
https://tse1.mm.bing.net/th?id=OIP.4x1JnhdR26Y6HcWJv9_ClQHaHa&pid=Api,Audemars Piguet
https://tse3.mm.bing.net/th?id=OIP.ZstbWK627y_D4kkZZzse-AHaHa&pid=Api,Audemars Piguet
https://tse1.mm.bing.net/th?id=OIP.yRPkpElgoVZTyHz-cRVL_QHaHa&pid=Api,Audemars Piguet
https://tse3.mm.bing.net/th?id=OIP.w2A_O9UniR-IhBoNVQJ4HwHaHa&pid=Api,Audemars Piguet
https://tse4.mm.bing.net/th?id=OIP.JmqPyQahRmTVg8-RAVZMvAHaHa&pid=Api,Audemars Piguet
https://tse2.mm.bing.net/th?id=OIP.I88mLAARLmF-BP2jQHLNIwHaHa&pid=Api,Audemars Piguet
https://tse1.mm.bing.net/th?id=OIP.kvxbvkg7LaNjk-2mX_9CPwHaHa&pid=Api,Audemars Piguet
https://tse1.mm.bing.net/th?id=OIP.AN1snj4TuqIdWUFvkKA60wHaHa&pid=Api,Audemars Piguet
https://tse3.mm.bing.net/th?id=OIP.akVrwdvlj1oh3H2zskbOFgHaHa&pid=Api,Audemars Piguet
https://tse3.mm.bing.net/th?id=OIP.QS0GDP4f2Yh3OoCz4ZroVwHaHa&pid=Api,Audemars Piguet
https://tse1.mm.bing.net/th?id=OIP.cB_zMHD3NH99xpKZn1XG4gHaHa&pid=Api,Audemars Piguet
https://tse2.mm.bing.net/th?id=OIP.GcbgHnkf-VkRY9NkHXpgBgHaHa&pid=Api,Audemars Piguet
https://tse2.mm.bing.net/th?id=OIP.14F7pMaggDwpYfiJArK2mgHaHa&pid=Api,Audemars Piguet
https://tse3.mm.bing.net/th?id=OIP.DZLysBkCfzlWKpbYfztAmgHaHa&pid=Api,Audemars Piguet
https://tse4.mm.bing.net/th?id=OIP.bssLJNHl8RaxmH3gb-qESQHaIl&pid=Api,Audemars Piguet
https://tse1.mm.bing.net/th?id=OIP.KUdn_FDBlOTL7kGGDjYLpQHaHa&pid=Api,Audemars Piguet
https://tse2.mm.bing.net/th?id=OIP.6ZtKQchO1u-9I2jTrE7gBgHaHa&pid=Api,Audemars Piguet
https://tse4.mm.bing.net/th?id=OIP.tqrgkIwibf3NW9sj-eUzUgHaHa&pid=Api,Audemars Piguet
https://tse4.mm.bing.net/th?id=OIP.PAje3GPl0nN4kviiqtNDLgHaHa&pid=Api,Audemars Piguet
https://tse4.mm.bing.net/th?id=OIP.fOlGnxtFUBlzdWAUQAe3FQHaHa&pid=Api,Audemars Piguet
https://tse4.mm.bing.net/th?id=OIP.Ma-4sL9wH3tn8xYy03iMRwHaHa&pid=Api,Audemars Piguet
https://tse2.mm.bing.net/th?id=OIP.JcSGSRuSbwPEmEkpgHt-eAHaHa&pid=Api,Audemars Piguet
https://tse4.mm.bing.net/th?id=OIP.npRCeYVzgCiL9mFeBdyhFAHaGZ&pid=Api,Audemars Piguet
https://tse1.mm.bing.net/th?id=OIP.2m_4B5wBDaJiicBoE1sf-wHaHa&pid=Api,Audemars Piguet
https://tse2.mm.bing.net/th?id=OIP.CdITKBiqDof5ppILtRte_gHaHa&pid=Api,Audemars Piguet
https://tse2.mm.bing.net/th?id=OIP.nYvOWo4ZaqMj4eL9WjUL3QHaHa&pid=Api,Audemars Piguet
https://tse3.mm.bing.net/th?id=OIP.gMPD8KbHTwgFFRj8Uirg9QHaHa&pid=Api,Audemars Piguet
https://tse4.mm.bing.net/th?id=OIP.2o6_TamjvXgXQo6-3kIuzwHaIl&pid=Api,Audemars Piguet
https://tse2.mm.bing.net/th?id=OIP.cEOX8qdylpprKciYRWk23AHaHa&pid=Api,Audemars Piguet
https://tse2.mm.bing.net/th?id=OIP.sT1Bn-u4dalXHtcwxdzVIgHaHa&pid=Api,Audemars Piguet
https://tse4.mm.bing.net/th?id=OIP.iX01iCAK_tqloRENpvw_FwHaHa&pid=Api,Audemars Piguet
https://tse1.mm.bing.net/th?id=OIP.OdYIbYAGMuYW7Dyw4MFzyQHaHa&pid=Api,Audemars Piguet
https://tse4.mm.bing.net/th?id=OIP.DttFWOjnMOa_-XdA8O7rnAHaHa&pid=Api,Audemars Piguet
https://tse4.mm.bing.net/th?id=OIP.bin-SMM68xJRaeJt7Ld9CQHaHa&pid=Api,Audemars Piguet
https://tse2.mm.bing.net/th?id=OIP.x0cEXvfXwFDpCP0Z_9tXcgHaIS&pid=Api,Audemars Piguet
https://tse4.mm.bing.net/th?id=OIP.ZMmEkSAv6k7gXf_2AGDJ0QHaJO&pid=Api,Audemars Piguet
https://tse2.mm.bing.net/th?id=OIP.etLlzdIcSF_-7MU1GoHYSQHaHa&pid=Api,Audemars Piguet
https://tse4.mm.bing.net/th?id=OIP.3sHQ1W3ZBjoMqPBc9rrxegHaHa&pid=Api,Audemars Piguet
https://tse4.mm.bing.net/th?id=OIP.PtGJZSt-7WgQeBHWIzTMuwHaHa&pid=Api,Audemars Piguet
https://tse3.mm.bing.net/th?id=OIP.COqxBEFyWssaGrXg8byZgwHaHa&pid=Api,Audemars Piguet
https://tse2.mm.bing.net/th?id=OIP.N0Kb5qzvhVrTHOnOHx71GAHaID&pid=Api,Breguet
https://tse4.mm.bing.net/th?id=OIP.6m9AF0Bd7JQJKefYc27wKAHaIV&pid=Api,Breguet
https://tse2.mm.bing.net/th?id=OIP.RYwsRmdjl8ATXciz8Gi0bgHaHz&pid=Api,Breguet
https://tse3.mm.bing.net/th?id=OIP.AHnMlPhaTdVM4UEympWNVAHaHa&pid=Api,Breguet
https://tse4.mm.bing.net/th?id=OIP._e6S2FmGy-Gw9brEPpXyBwHaHc&pid=Api,Breguet
https://tse3.mm.bing.net/th?id=OIP.ibxjxc0mkLfNKfreOAdfyQHaHs&pid=Api,Breguet
https://tse2.mm.bing.net/th?id=OIP.DxR5vfW2UZ5mtpCQPTKYpgHaIo&pid=Api,Breguet
https://tse3.mm.bing.net/th?id=OIP.Cmqkiz2ob7cgzjYjijnqKAHaId&pid=Api,Breguet
https://tse3.mm.bing.net/th?id=OIP.5zhbq9c8gPFv6fS5D6S1NwHaHa&pid=Api,Breguet
https://tse2.mm.bing.net/th?id=OIP.qlVr8fjSm8zEZtElJ4PfMwHaHa&pid=Api,Breguet
https://tse2.mm.bing.net/th?id=OIP.bBCgkSlqU4lyXYBx7T9P2wHaHa&pid=Api,Breguet
https://tse1.mm.bing.net/th?id=OIP.TqKQ3XNk0c2l7DaAz-6SEAHaG7&pid=Api,Breguet
https://tse4.mm.bing.net/th?id=OIP.4IST95eEQG3yNDY6GmuCIwHaHa&pid=Api,Breguet
https://tse1.mm.bing.net/th?id=OIP.O7doSJCE09Q4up6xgJ9N8QHaJA&pid=Api,Breguet
https://tse1.mm.bing.net/th?id=OIP.NdI0vztNPbqw9QpP-CmCEAHaHx&pid=Api,Breguet
https://tse1.mm.bing.net/th?id=OIP.y297Ihu4EoInjcxhLkZ0fAHaIy&pid=Api,Breguet
https://tse2.mm.bing.net/th?id=OIP.2hmEzv1tfVjyhmN6F4S60AHaHe&pid=Api,Breguet
https://tse3.mm.bing.net/th?id=OIP.zHCLvHMefXpzMbqXh1FZEAHaIZ&pid=Api,Breguet
https://tse2.mm.bing.net/th?id=OIP.gD-4dSh5KJI7JHpvNjpwowHaGW&pid=Api,Breguet
https://tse2.mm.bing.net/th?id=OIP.FnmEFEiWpSCqEmrxGI-e3gHaIE&pid=Api,Breguet
https://tse2.mm.bing.net/th?id=OIP.pg6Z0DjCjtUomG6BexZQZAHaHa&pid=Api,Breguet
https://tse1.mm.bing.net/th?id=OIP.mfmD7gqOS5MvUFf_AqNQBgHaGq&pid=Api,Breguet
https://tse1.mm.bing.net/th?id=OIP.U4IB1sY9aX9MWJfZv6xVNAHaI-&pid=Api,Breguet
https://tse4.mm.bing.net/th?id=OIP.IWgqocxlPszRrIF2naWITQHaJP&pid=Api,Breguet
https://tse1.mm.bing.net/th?id=OIP.MSFl1s29OwvQwy8JJHF1KgHaI_&pid=Api,Breguet
https://tse3.mm.bing.net/th?id=OIP.79GeYRDLZzs10srtS7A88wHaIj&pid=Api,Breguet
https://tse2.mm.bing.net/th?id=OIP.72zLbh1__X3OkaYlfmwQAwHaIO&pid=Api,Breguet
https://tse2.mm.bing.net/th?id=OIP.4SJUCb9NV1HuaeTBzmnK4wHaI0&pid=Api,Breguet
https://tse4.mm.bing.net/th?id=OIP.2Yzi0HAtuQQtxWNK2xdLfQHaHa&pid=Api,Breguet
https://tse3.mm.bing.net/th?id=OIP.PK8PmbWxeuqY-FZr0h-UOgHaHa&pid=Api,Breguet
https://tse3.mm.bing.net/th?id=OIP.zQrHiK0lBNfhx899lMwW5gHaH5&pid=Api,Breguet
https://tse2.mm.bing.net/th?id=OIP._8wzGtXzuK-UFZGu9vV6TgHaHa&pid=Api,Breguet
https://tse1.mm.bing.net/th?id=OIP.cJfVMbw8FSUyjBtPi-_RjgHaHa&pid=Api,Breguet
https://tse4.mm.bing.net/th?id=OIP.vc8trdUGvC-wNUVV4UhyxAHaHJ&pid=Api,Breguet
https://tse1.mm.bing.net/th?id=OIP.oOFUXYaioQCohGsBbgCKrwHaJQ&pid=Api,Breguet
https://tse4.mm.bing.net/th?id=OIP.zuII8iz1WR0MMJ_zSMf_zgHaHa&pid=Api,Breguet
https://tse4.mm.bing.net/th?id=OIP.xSmJyzUOcCtFh_5DHcZkKQHaHa&pid=Api,Breguet
https://tse3.mm.bing.net/th?id=OIP.4MliU7MopHgR8VaQLBmp1wHaHa&pid=Api,Breguet
https://tse1.mm.bing.net/th?id=OIP.YM2B9tp7bV5aOGb2b-DgWgHaHa&pid=Api,Breguet
https://tse3.mm.bing.net/th?id=OIP.K3DwK8QeBdHG0Cprqv3sXwHaHa&pid=Api,Breguet
https://tse2.mm.bing.net/th?id=OIP.aNQo0oi1nr-UKOnVRXL1mwHaHa&pid=Api,Breguet
https://tse2.mm.bing.net/th?id=OIP.oqZmv9aNcQEWl47cRiEnygHaHa&pid=Api,Breguet
https://tse4.mm.bing.net/th?id=OIP.I-MlQL7YqgRjeaYD1ceJdQHaHa&pid=Api,Breguet
https://tse4.mm.bing.net/th?id=OIP.DOQmBVBgN8sRNjLEiOfZXAHaGT&pid=Api,Breguet
https://tse3.mm.bing.net/th?id=OIP.FNxD0KeVpBBoU_mAsIxoeQHaHa&pid=Api,Breguet
https://tse4.mm.bing.net/th?id=OIP.DKxg14bFtq_zEKH2AYuvTQHaHa&pid=Api,Breguet
https://tse2.mm.bing.net/th?id=OIP.MO-NvPY6YG0_higugvjohQHaHa&pid=Api,Breguet
https://tse3.mm.bing.net/th?id=OIP.e5ESx7-pmSKcYWRT8NKAgwHaHa&pid=Api,Breguet
https://tse2.mm.bing.net/th?id=OIP.9zqLn0xHYzyWmL2JU55QVwHaHa&pid=Api,Breguet
https://tse4.mm.bing.net/th?id=OIP.J58jOdjkc8mJSZRO-a9yUAHaHa&pid=Api,Breguet
https://tse2.mm.bing.net/th?id=OIP.c3UksCCuprbljfXc8Kw6SAHaJA&pid=Api,Breguet
https://tse3.mm.bing.net/th?id=OIP.I92uH-LpPNerZyRMMJe3IQHaIL&pid=Api,Breguet
https://tse2.mm.bing.net/th?id=OIP.909Hk3Qum6x-_Yj_WMc-yQHaHa&pid=Api,Breguet
https://tse1.mm.bing.net/th?id=OIP.IJfeVskZG-4Negd6TaVeYQHaHa&pid=Api,Breguet
https://tse4.mm.bing.net/th?id=OIP.77FsY5e1F8akAgLzqx_R7gHaIz&pid=Api,Breguet
https://tse2.mm.bing.net/th?id=OIP.NaQH7w7s3_A7wzvM0-SfbwHaH5&pid=Api,Breguet
https://tse4.mm.bing.net/th?id=OIP.JSPs_L6d-8kmIh9Go8oneAHaJQ&pid=Api,Breguet
https://tse1.mm.bing.net/th?id=OIP.EH2EnBoTWmpKVySmrBj5rgHaGW&pid=Api,Breguet
https://tse4.mm.bing.net/th?id=OIP.t8cGygjSy2PBcbflgxSJagHaHa&pid=Api,Breguet
https://tse2.mm.bing.net/th?id=OIP.PksKzyTpCHkPxSp17gqy4QHaHa&pid=Api,Breguet
https://tse3.mm.bing.net/th?id=OIP.U4vpyMwNUQKG8GF4sOoJmAHaHa&pid=Api,Breguet
https://tse4.mm.bing.net/th?id=OIP.RN3UrZyqAuA3764hAJzd2QHaHa&pid=Api,Breguet
https://tse3.mm.bing.net/th?id=OIP.VVWXQKCpHjAQgBkNiRbOsgHaHa&pid=Api,Breguet
https://tse1.mm.bing.net/th?id=OIP.WfvcrHCrVWZ1BQeEenMk8AHaHa&pid=Api,Breguet
https://tse2.mm.bing.net/th?id=OIP.faBlErvyWj3HYM8x79CJ0wHaHa&pid=Api,Breguet
https://tse1.mm.bing.net/th?id=OIP.OdSdFmy18kdhleGs6lzeOgHaID&pid=Api,Breguet
https://tse4.mm.bing.net/th?id=OIP.wkhbxlnuIm3nIFamzLE8hAHaHs&pid=Api,Breguet
https://tse3.mm.bing.net/th?id=OIP.SgiyqZfU0KXF22ofCZssnAHaHa&pid=Api,Breguet
https://tse4.mm.bing.net/th?id=OIP.8zRQdyA2nMQptMvzkPqZOwHaHb&pid=Api,Breguet
https://tse3.mm.bing.net/th?id=OIP.vEwd9AoGMVQVt8-GPGiF1QHaHa&pid=Api,Breguet
https://tse4.mm.bing.net/th?id=OIP.LgO8BEDeHRiE6HeOekhwLgHaGS&pid=Api,Breguet
https://tse1.mm.bing.net/th?id=OIP.PCuIVMvi663QfkMK_oKfTQHaHa&pid=Api,Breguet
https://tse2.mm.bing.net/th?id=OIP.CutkDFoEFTyTvBeTupVsawHaHa&pid=Api,Breguet
https://tse4.mm.bing.net/th?id=OIP.-dUyBqJ6EtVT-pB0tOPXRwHaGO&pid=Api,Breguet
https://tse3.mm.bing.net/th?id=OIP.u4jbg0sSIqL8uFfKMNFM3gHaIJ&pid=Api,Breguet
https://tse3.mm.bing.net/th?id=OIP.mH5K7Hs_UOIFEYfWoeeIEQHaHa&pid=Api,Breguet
https://tse1.mm.bing.net/th?id=OIP.hZCGMZ7BRmDnWuyPqhP3mgHaHa&pid=Api,Breguet
https://tse2.mm.bing.net/th?id=OIP.YC_1N9Z86XGSI_6rzFCZUgHaIa&pid=Api,Breguet
https://tse4.mm.bing.net/th?id=OIP.MeYwI7t7Ho3z17oJoIfA9QHaHW&pid=Api,Breguet
https://tse2.mm.bing.net/th?id=OIP.lDU1rjT0EkNADYVaGgQ7VAHaHF&pid=Api,Breguet
https://tse1.mm.bing.net/th?id=OIP.lGlpGZo-ceP3PfrF5zdfGwHaHa&pid=Api,Breguet
https://tse1.mm.bing.net/th?id=OIP.xEE4nOf9moAuTIFSsOM7EgHaHa&pid=Api,Breguet
https://tse4.mm.bing.net/th?id=OIP.NRlzN7ip-84j00UQdApUgQHaHa&pid=Api,Breguet
https://tse4.mm.bing.net/th?id=OIP.vJSqmBxnAYJC-OIeBnD8dgHaHo&pid=Api,Breguet
https://tse1.mm.bing.net/th?id=OIP.YYpD9fORq3gsnyFInEJfHQHaHa&pid=Api,Breguet
https://tse4.mm.bing.net/th?id=OIP.WuGD-0lVcIrnOmZeS7Gu_wHaI6&pid=Api,Breguet
https://tse3.mm.bing.net/th?id=OIP.rBoSgIj3BZ8d_GKbOXqPPgHaGe&pid=Api,Breguet
https://tse2.mm.bing.net/th?id=OIP.0uyP12HNNsnt6qmLKfIumgHaHa&pid=Api,Breguet
https://tse2.mm.bing.net/th?id=OIP.7GsUC8KZx6KmqpX2_C9Y7QHaHa&pid=Api,Breguet
https://tse3.mm.bing.net/th?id=OIP.riz1hDibbLBbavEQGd8qmQHaHa&pid=Api,Breguet
https://tse4.mm.bing.net/th?id=OIP.5kf_JmEJN3RjePxTAZfAcQHaHa&pid=Api,Breguet
https://tse2.mm.bing.net/th?id=OIP.VjsPlqpVPj2hS_o4A5D-zAHaHa&pid=Api,Breguet
https://tse3.mm.bing.net/th?id=OIP.7cqJHeOgUcwi3o7C7lpGegHaHa&pid=Api,Breguet
https://tse4.mm.bing.net/th?id=OIP.lh5kA5fDfqvlj7IT7xHskgHaHa&pid=Api,Breguet
https://tse2.mm.bing.net/th?id=OIP.0k23uHUq63E4aLYexPQyvAHaGr&pid=Api,Breguet
https://tse2.mm.bing.net/th?id=OIP.1jzQggFALINncvuDZ5ZdQwHaHa&pid=Api,Breguet
https://tse4.mm.bing.net/th?id=OIP.9R-j_uPIXGVyBqIyZBljpwHaGN&pid=Api,Breguet
https://tse3.mm.bing.net/th?id=OIP.XBBfirsKahafrk3DPyY9lgHaIg&pid=Api,Breguet
https://tse3.mm.bing.net/th?id=OIP.1PfZs5NZKitEPUMUE5ljXwHaHa&pid=Api,Breguet
https://tse3.mm.bing.net/th?id=OIP.A6rgvUiqdFNzIHKgg_gcYwHaHa&pid=Api,Breguet
https://tse3.mm.bing.net/th?id=OIP.hV_EQWoE0-H_1R1OYLEZFwHaHa&pid=Api,Maurice Lacroix
https://tse2.mm.bing.net/th?id=OIP.PA8vthJsXmEJBrwO-uJDlAHaHa&pid=Api,Maurice Lacroix
https://tse2.mm.bing.net/th?id=OIP.dqBcmHpztOqePO6Tt553TgHaHa&pid=Api,Maurice Lacroix
https://tse3.mm.bing.net/th?id=OIP.WO6Y5BUgiKkYs7FaYUvr6wHaHa&pid=Api,Maurice Lacroix
https://tse3.mm.bing.net/th?id=OIP.d8i7CTVCfva7OtmQKfl9NQHaHa&pid=Api,Maurice Lacroix
https://tse1.mm.bing.net/th?id=OIP.-9-akxigL28QTZOd-uUrfgHaHV&pid=Api,Maurice Lacroix
https://tse1.mm.bing.net/th?id=OIP.grPcwh8PvI7DAboqU_jSbQHaHa&pid=Api,Maurice Lacroix
https://tse2.mm.bing.net/th?id=OIP.6OzfERpPZ8uiG6tIGRd_pgHaHa&pid=Api,Maurice Lacroix
https://tse2.mm.bing.net/th?id=OIP.vuUw7i0NNjK8JC4kZjIIJQHaHa&pid=Api,Maurice Lacroix
https://tse1.mm.bing.net/th?id=OIP.qXOXFaV0Th6ctFvrwrpo5gHaHa&pid=Api,Maurice Lacroix
https://tse1.mm.bing.net/th?id=OIP.s1kC5S4EmYa51M8vrcqz2QHaHa&pid=Api,Maurice Lacroix
https://tse1.mm.bing.net/th?id=OIP.ZkDrboSdd6hGGEIOV2Rr7wHaHI&pid=Api,Maurice Lacroix
https://tse2.mm.bing.net/th?id=OIP.pY-x8Wq58Oskrb_cAf5kCgHaHa&pid=Api,Maurice Lacroix
https://tse1.mm.bing.net/th?id=OIP.iziTLduzbxkR3oUv1F8CxwHaHa&pid=Api,Maurice Lacroix
https://tse1.mm.bing.net/th?id=OIP.-FKoWfjkDE64Rniw47FwewHaHa&pid=Api,Maurice Lacroix
https://tse2.mm.bing.net/th?id=OIP.ra67zDaQOJhupMrmvMHsHgHaHa&pid=Api,Maurice Lacroix
https://tse2.mm.bing.net/th?id=OIP.tWtOjGx4aRyEeVfQhM8N7wHaHa&pid=Api,Maurice Lacroix
https://tse3.mm.bing.net/th?id=OIP.OKr8jOVd5wcRNIdjd9ZX1gHaHa&pid=Api,Maurice Lacroix
https://tse2.mm.bing.net/th?id=OIP.p7IkUofVeMWtb2FSJweNqAHaHa&pid=Api,Maurice Lacroix
https://tse2.mm.bing.net/th?id=OIP.OSMWYeaS300OB0bHST9zJwHaHa&pid=Api,Maurice Lacroix
https://tse2.mm.bing.net/th?id=OIP.Ra9UfFuhwmikgXmYw-6VuQHaHY&pid=Api,Maurice Lacroix
https://tse2.mm.bing.net/th?id=OIP.cxnrcJ0-JwHFonplR2_lvwHaHa&pid=Api,Maurice Lacroix
https://tse4.mm.bing.net/th?id=OIP.iYCkTEpVWWJdkYIv6EF-dgHaHa&pid=Api,Maurice Lacroix
https://tse4.mm.bing.net/th?id=OIP.Z8ST1U3RNrKFxCqny01sRAHaHa&pid=Api,Maurice Lacroix
https://tse1.mm.bing.net/th?id=OIP.AQWP1pPAmjGG6t4kP9ueGQHaHa&pid=Api,Maurice Lacroix
https://tse1.mm.bing.net/th?id=OIP.nN_YDXQaVWvahLWHYvX_lgHaHa&pid=Api,Maurice Lacroix
https://tse1.mm.bing.net/th?id=OIP.nhczyupu190Uppmn3YmD0QHaHs&pid=Api,Maurice Lacroix
https://tse3.mm.bing.net/th?id=OIP.wkfNyPpU8MAPEn-PFx7N2QHaHi&pid=Api,Maurice Lacroix
https://tse3.mm.bing.net/th?id=OIP.FXzC14xkIyPFImmJvGSzkQD6D6&pid=Api,Maurice Lacroix
https://tse3.mm.bing.net/th?id=OIP.Xss01oxL-XpxJ0tj55c1tAHaH5&pid=Api,Maurice Lacroix
https://tse4.mm.bing.net/th?id=OIP.w7_mo8KdRxu94LDFNka9aQHaHa&pid=Api,Maurice Lacroix
https://tse1.mm.bing.net/th?id=OIP.q2DnEhTQS_dWo_3RlL6lJQHaHa&pid=Api,Maurice Lacroix
https://tse2.mm.bing.net/th?id=OIP.8af4Cw6-8Q_JJ3f9QW5ylAHaHa&pid=Api,Maurice Lacroix
https://tse3.mm.bing.net/th?id=OIP.Ecp0w4EWsRjZrBveyDawGQHaHa&pid=Api,Maurice Lacroix
https://tse4.mm.bing.net/th?id=OIP.UkvuAXD9h_88XYyMn61fhAHaHa&pid=Api,Maurice Lacroix
https://tse4.mm.bing.net/th?id=OIP.oylJbZFzdvoCuL5fQhyrVQHaHa&pid=Api,Maurice Lacroix
https://tse1.mm.bing.net/th?id=OIP.otYVt0awC8VirgQ02oIyxgHaHa&pid=Api,Maurice Lacroix
https://tse4.mm.bing.net/th?id=OIP.Qo89P84KRlpRTH4QUUtLoQHaHa&pid=Api,Maurice Lacroix
https://tse3.mm.bing.net/th?id=OIP.YVyBjDd5gjjr8AhvDjUkTgHaHa&pid=Api,Maurice Lacroix
https://tse3.mm.bing.net/th?id=OIP.g2aQuXoKwL8qbtOeCWajhgHaHa&pid=Api,Maurice Lacroix
https://tse1.mm.bing.net/th?id=OIP.g2bdcauvVY9whrwoVSUq1wHaHa&pid=Api,Maurice Lacroix
https://tse4.mm.bing.net/th?id=OIP.PDGMqvui3RmD7W9GxzjMpgHaHa&pid=Api,Maurice Lacroix
https://tse1.mm.bing.net/th?id=OIP.Ip1fjeDR1i5sOy7DdbHwZwHaHa&pid=Api,Maurice Lacroix
https://tse1.mm.bing.net/th?id=OIP.FBC7RU8tzkz1yCW3qKfPRQHaHa&pid=Api,Maurice Lacroix
https://tse3.mm.bing.net/th?id=OIP.sJnUmmzuPnG4W-sUBoN19QHaHa&pid=Api,Maurice Lacroix
https://tse4.mm.bing.net/th?id=OIP.OkYcFwYW8LOHhsutXCDFigHaHa&pid=Api,Maurice Lacroix
https://tse1.mm.bing.net/th?id=OIP.gBIBc9ylPqrfPnZwOQiHQgHaHa&pid=Api,Maurice Lacroix
https://tse3.mm.bing.net/th?id=OIP.DIt7u-RrC1NyLgm5Q6jZzgHaHa&pid=Api,Maurice Lacroix
https://tse3.mm.bing.net/th?id=OIP.aOIMxfri4Wz1IafxEJqsoQHaHa&pid=Api,Maurice Lacroix
https://tse1.mm.bing.net/th?id=OIP.GSKdelEfF2LWgDKFZvNwfgHaHa&pid=Api,Maurice Lacroix
https://tse1.mm.bing.net/th?id=OIP.dAQhiRmJ7LmT0g5lLBVoDgHaHa&pid=Api,Maurice Lacroix
https://tse4.mm.bing.net/th?id=OIP.fwPRGmPoz3IafYVxT12UBgHaHa&pid=Api,Maurice Lacroix
https://tse4.mm.bing.net/th?id=OIP.H54M2on68RjSlN8jq-KdEwHaId&pid=Api,Maurice Lacroix
https://tse1.mm.bing.net/th?id=OIP.VptQ5DTb5Mphx0vQWxEIGAHaHa&pid=Api,Maurice Lacroix
https://tse4.mm.bing.net/th?id=OIP.I44lj-yMeAc8CkpvPBys5AHaHa&pid=Api,Maurice Lacroix
https://tse2.mm.bing.net/th?id=OIP.mi9O7qQLAjwJTRYlBc3fNgHaHa&pid=Api,Maurice Lacroix
https://tse2.mm.bing.net/th?id=OIP.z9aKOqHFdm9s0JEB62bMhgHaHa&pid=Api,Maurice Lacroix
https://tse2.mm.bing.net/th?id=OIP.7v_eEoXx5npk5uvn955I5AHaHa&pid=Api,Maurice Lacroix
https://tse1.mm.bing.net/th?id=OIP.HsI4aLP9OX6MYyJjqHIPkwHaHa&pid=Api,Maurice Lacroix
https://tse3.mm.bing.net/th?id=OIP.wLS9Sp617KWIMQn8CsUG4QHaHa&pid=Api,Maurice Lacroix
https://tse1.mm.bing.net/th?id=OIP.mZJNq2KUzi_JrSehHN0QFgHaHa&pid=Api,Maurice Lacroix
https://tse3.mm.bing.net/th?id=OIP.-fIJ9-FOcCj6bQuwsXrv8AHaHa&pid=Api,Maurice Lacroix
https://tse2.mm.bing.net/th?id=OIP.IOd_n2Fs0YvL2oe3O2vYJAHaHa&pid=Api,Maurice Lacroix
https://tse1.mm.bing.net/th?id=OIP.N14l21Z9BdOToCUv10k_YAHaG8&pid=Api,Maurice Lacroix
https://tse1.mm.bing.net/th?id=OIP.qBhU1wcSeQlTEt75LSinJwHaHa&pid=Api,Maurice Lacroix
https://tse1.mm.bing.net/th?id=OIP.nT0iuTFynGm9BYdv9mhB0QHaHa&pid=Api,Maurice Lacroix
https://tse1.mm.bing.net/th?id=OIP.wQnnh43nbVHpDmAiEoMEQAHaHa&pid=Api,Maurice Lacroix
https://tse2.mm.bing.net/th?id=OIP.08miaZ19sTy6nE-59zs0xgHaHa&pid=Api,Maurice Lacroix
https://tse2.mm.bing.net/th?id=OIP.4bD3idB9tFKHBqyEd5UsfAHaHa&pid=Api,Maurice Lacroix
https://tse4.mm.bing.net/th?id=OIP.Ll0S13uC4sjx8LoQs-rtvgHaHa&pid=Api,Maurice Lacroix
https://tse2.mm.bing.net/th?id=OIP.jz58FivlazCvGORbIAc1NAHaHa&pid=Api,Maurice Lacroix
https://tse4.mm.bing.net/th?id=OIP.11LYXSOx-hq4gSDIeSquZwHaHa&pid=Api,Maurice Lacroix
https://tse3.mm.bing.net/th?id=OIP.TIsh_Ltcjl78Ca-xJcaTiQHaHa&pid=Api,Maurice Lacroix
https://tse4.mm.bing.net/th?id=OIP.ElOIxmJEGzDI_jM1AxMePwHaGq&pid=Api,Maurice Lacroix
https://tse3.mm.bing.net/th?id=OIP.daeT1q6e4dhsn2Gd8Xj2ZQHaHa&pid=Api,Maurice Lacroix
https://tse4.mm.bing.net/th?id=OIP.Byv115V5i97YgZt5kJhy-QHaHa&pid=Api,Maurice Lacroix
https://tse1.mm.bing.net/th?id=OIP.YdQFVg_2OusouKLMjgo8tgHaHa&pid=Api,Maurice Lacroix
https://tse3.mm.bing.net/th?id=OIP.xkx6ycTwC9tErEETf8qPgAHaHa&pid=Api,Maurice Lacroix
https://tse3.mm.bing.net/th?id=OIP.l_ThgkhDNJVj6upTffpW4gHaHa&pid=Api,Maurice Lacroix
https://tse3.mm.bing.net/th?id=OIP.FBD6geb5qgdufC4uoQvg4wHaHa&pid=Api,Maurice Lacroix
https://tse4.mm.bing.net/th?id=OIP.vtKLTepqGWKkos29MZlbcwHaHa&pid=Api,Maurice Lacroix
https://tse4.mm.bing.net/th?id=OIP.Sv4KAVMfamk9e7k8eJjqAwHaHa&pid=Api,Maurice Lacroix
https://tse3.mm.bing.net/th?id=OIP.Idg_Wfwr32E0q3FURXw7-wHaHa&pid=Api,Maurice Lacroix
https://tse3.mm.bing.net/th?id=OIP.LQU5yj9ZoXJt1rAf0FCo1AHaHa&pid=Api,Maurice Lacroix
https://tse3.mm.bing.net/th?id=OIP.2ibVFEq2hxJiz3i-E0_nXwHaHa&pid=Api,Maurice Lacroix
https://tse2.mm.bing.net/th?id=OIP.SPwECWwN7Zw8L9xR0FyJRQHaHa&pid=Api,Maurice Lacroix
https://tse4.mm.bing.net/th?id=OIP.o875ANtLSCWjUDPxD8LwygHaHa&pid=Api,Maurice Lacroix
https://tse4.mm.bing.net/th?id=OIP.l0tIQqf-27-3MIo4wU26RwHaHa&pid=Api,Maurice Lacroix
https://tse2.mm.bing.net/th?id=OIP.oErraOUTXYyJPVJSIv-lLQHaHa&pid=Api,Maurice Lacroix
https://tse1.mm.bing.net/th?id=OIP.G0EU5E7Qhnn9ONymVJA-jAHaHa&pid=Api,Maurice Lacroix
https://tse3.mm.bing.net/th?id=OIP.VI5JldV9Vzcm6hD_BSlEBwHaHN&pid=Api,Maurice Lacroix
https://tse4.mm.bing.net/th?id=OIP.rKBgL5hqDyK5s-qXHFJEOQHaHa&pid=Api,Maurice Lacroix
https://tse1.mm.bing.net/th?id=OIP.IQ7FIXA_qEyzA_92K6vpPQHaHa&pid=Api,Maurice Lacroix
https://tse3.mm.bing.net/th?id=OIP.r-gC01l2-WQZV4XroQmr9wHaHa&pid=Api,Maurice Lacroix
https://tse1.mm.bing.net/th?id=OIP.N6a4hCsbP7C-G_pFjWIkdAHaHa&pid=Api,Maurice Lacroix
https://tse2.mm.bing.net/th?id=OIP.V83QPPbP57jvFHcfCelroQHaHa&pid=Api,Maurice Lacroix
https://tse3.mm.bing.net/th?id=OIP.YaLVTne4F3ZvKEtOYJwHfwHaHa&pid=Api,Maurice Lacroix
https://tse4.mm.bing.net/th?id=OIP.TP-akPoQEtmq6612NV0mpgHaHa&pid=Api,Maurice Lacroix
https://tse3.mm.bing.net/th?id=OIP.QBl7wny5-LAvB0ax1NsMnQHaHa&pid=Api,Maurice Lacroix
https://tse4.mm.bing.net/th?id=OIP.uuyFTSwggaz3aVBhFxKzyAHaHa&pid=Api,Maurice Lacroix
https://tse3.mm.bing.net/th?id=OIP.VNFrKC9h3zjruLnuxI4M_AHaHa&pid=Api,Rado
https://tse3.mm.bing.net/th?id=OIP.M6JfGvRxUXM360fOLJPHgAHaHa&pid=Api,Rado
https://tse3.mm.bing.net/th?id=OIP.8EQMDfe2HdF1UW_o2dzCkAHaHa&pid=Api,Rado
https://tse4.mm.bing.net/th?id=OIP.iqK129tBtreoF3pPraLIrAEsEs&pid=Api,Rado
https://tse1.mm.bing.net/th?id=OIP.-E8R0R34SzAr21FzuHs9RgHaHa&pid=Api,Rado
https://tse2.mm.bing.net/th?id=OIP.0ehTA2cXjVH9VUlfDx2gDQHaHa&pid=Api,Rado
https://tse4.mm.bing.net/th?id=OIP.CT5FFpGUKFVMk_nS__hJMgHaHa&pid=Api,Rado
https://tse4.mm.bing.net/th?id=OIP.4wPkvgl6-X-k8e0lXossBAHaHa&pid=Api,Rado
https://tse1.mm.bing.net/th?id=OIP.TtHqZUVNU5gCewOp1xyqqAHaHa&pid=Api,Rado
https://tse4.mm.bing.net/th?id=OIP.EtEpzM-YE_mfV4E_21TTgwHaHa&pid=Api,Rado
https://tse3.mm.bing.net/th?id=OIP.BEunWKFlMk7Gp4jPT4YTdgHaHa&pid=Api,Rado
https://tse4.mm.bing.net/th?id=OIP.D8AGhwHbhVSD5TfAaeSAJwHaHa&pid=Api,Rado
https://tse4.mm.bing.net/th?id=OIP.YFshtnQgy3s-vgLYAb24YAHaHa&pid=Api,Rado
https://tse1.mm.bing.net/th?id=OIP.MJC1dHeCJgzFijymu-3MnwHaHa&pid=Api,Rado
https://tse4.mm.bing.net/th?id=OIP.EMFdr_TNrdrzh3xlxxc6qQHaHa&pid=Api,Rado
https://tse3.mm.bing.net/th?id=OIP.Ia1A862NRbAGXurSPSobVAHaGW&pid=Api,Rado
https://tse3.mm.bing.net/th?id=OIP.Js2Be35F4tYfTnSIvI8duQHaHa&pid=Api,Rado
https://tse1.mm.bing.net/th?id=OIP.VKVhlnht7jbscWO9PF5N_wHaHa&pid=Api,Rado
https://tse2.mm.bing.net/th?id=OIP.0Htk7Gx_6YRA-Rm6jXIp1QHaHa&pid=Api,Rado
https://tse1.mm.bing.net/th?id=OIP.NbD7SYdp2MJcavC9XMJdHgHaHa&pid=Api,Rado
https://tse3.mm.bing.net/th?id=OIP.YaxrYcBUQ_bN7nmZJVRBjAHaHa&pid=Api,Rado
https://tse4.mm.bing.net/th?id=OIP.-Id8aN3hGpZka4CbX1L1xAHaHa&pid=Api,Rado
https://tse1.mm.bing.net/th?id=OIP.SMqU_DLOEmY7Cz5CN8Eh9gD5D5&pid=Api,Rado
https://tse2.mm.bing.net/th?id=OIP.oXJnMHbV4ROqUYWnex8Y9AHaHa&pid=Api,Rado
https://tse1.mm.bing.net/th?id=OIP.jtPwYNjMkKDerW8DXBFXDwHaIL&pid=Api,Rado
https://tse1.mm.bing.net/th?id=OIP.rHyWiNUye3qnvmkw6N9RugHaHa&pid=Api,Rado
https://tse2.mm.bing.net/th?id=OIP.hpUmEGfOidsjIM6kPGjO2gHaHa&pid=Api,Rado
https://tse3.mm.bing.net/th?id=OIP.MWtgnCsmkzPO5e22YYtj1QHaHa&pid=Api,Rado
https://tse4.mm.bing.net/th?id=OIP.PECIELZpFfXJOCcwJTO9hwHaHa&pid=Api,Rado
https://tse3.mm.bing.net/th?id=OIP.F7LW93J7Y-I63wbNfrNvmwHaHa&pid=Api,Rado
https://tse1.mm.bing.net/th?id=OIP.tvAweayHCtULLyZofeP0WwHaHa&pid=Api,Rado
https://tse2.mm.bing.net/th?id=OIP.9EMkjg2YkKiRtBVKFNfCOAHaHa&pid=Api,Rado
https://tse2.mm.bing.net/th?id=OIP.JYpR2ghToBeSFh5cKrPOmgEsEs&pid=Api,Rado
https://tse4.mm.bing.net/th?id=OIP.BYoydqMwjjLyyuymgEatTQHaHa&pid=Api,Rado
https://tse4.mm.bing.net/th?id=OIP.dzMImJBssHcWUAZPluwidAHaHa&pid=Api,Rado
https://tse1.mm.bing.net/th?id=OIP.jHc3CB_XJ-0cf-q1kO0I-gHaJC&pid=Api,Rado
https://tse1.mm.bing.net/th?id=OIP.dEgiG5tSDRSrjpzQWEoDdAHaJE&pid=Api,Rado
https://tse4.mm.bing.net/th?id=OIP.TSqOCbPOVqSneYErZAE6zgHaHa&pid=Api,Rado
https://tse2.mm.bing.net/th?id=OIP.UaXTUgQWQY3ko3Ro7nX7AQHaHa&pid=Api,Rado
https://tse1.mm.bing.net/th?id=OIP.3bvI_HKOAuH1CKXy1U7zsgHaHa&pid=Api,Rado
https://tse1.mm.bing.net/th?id=OIP.dpPRoryNkiPI_OjG-ti34QHaHa&pid=Api,Rado
https://tse3.mm.bing.net/th?id=OIP.Y238VsJ_l3aLlM9hu5MLVwHaHa&pid=Api,Rado
https://tse4.mm.bing.net/th?id=OIP.y7oIl4S5MA41QglDvXqt0wHaHa&pid=Api,Rado
https://tse3.mm.bing.net/th?id=OIP.igNnCYzegy0qAGr-5E4MOAHaHa&pid=Api,Rado
https://tse3.mm.bing.net/th?id=OIP.DSdKauMrVrxwlSTCTv-MQAHaHa&pid=Api,Rado
https://tse3.mm.bing.net/th?id=OIP.em6tiXzyruxbieDGTZ4XewHaHa&pid=Api,Rado
https://tse2.mm.bing.net/th?id=OIP.V1y7WaiVeyaIzoIxPA4NgwHaHa&pid=Api,Rado
https://tse1.mm.bing.net/th?id=OIP.5d3Ms7CccB1KzOd9Y-IkwwHaHa&pid=Api,Rado
https://tse2.mm.bing.net/th?id=OIP.c0eoOw4x5MYYQ8yrI8lCeQHaHa&pid=Api,Rado
https://tse1.mm.bing.net/th?id=OIP.PF0u2NJ6B4Kfg4-_uQSD7QHaHa&pid=Api,Rado
https://tse1.mm.bing.net/th?id=OIP.j5qjQKXiWCW-9L-wty8_kAHaHa&pid=Api,Rado
https://tse1.mm.bing.net/th?id=OIP.6rLWoIrMxAhh6XlieJbeEgHaHa&pid=Api,Rado
https://tse2.mm.bing.net/th?id=OIP.dc2P_XXiV02h6oZkSqUndAHaHa&pid=Api,Rado
https://tse4.mm.bing.net/th?id=OIP.MmiY_x6a46BywM5E5OmmoQHaHa&pid=Api,Rado
https://tse3.mm.bing.net/th?id=OIP.WKli_4NoLxvD_pA7EG8fYgHaHa&pid=Api,Rado
https://tse1.mm.bing.net/th?id=OIP.dudYI72gFGblE2LYU1UNlQHaHa&pid=Api,Rado
https://tse3.mm.bing.net/th?id=OIP.rmuLqaUwU-MGNLi19vjnpgHaHa&pid=Api,Rado
https://tse1.mm.bing.net/th?id=OIP.j_mXT80rStWWEGUxlLu5yQHaHa&pid=Api,Rado
https://tse3.mm.bing.net/th?id=OIP.rcpv6lzIpIp52ox8RuLhWwHaHa&pid=Api,Rado
https://tse4.mm.bing.net/th?id=OIP.0HsvQ2P4V-LF-kSH8QhNOAHaHa&pid=Api,Rado
https://tse3.mm.bing.net/th?id=OIP.GOao0NN3DJfBrgA9KFvhVQHaHa&pid=Api,Rado
https://tse3.mm.bing.net/th?id=OIP.O1VWwUUY9tMYE0VszJyu9wHaHa&pid=Api,Rado
https://tse2.mm.bing.net/th?id=OIP.3WrourIa2Nrr6mNc4khEbQHaHa&pid=Api,Rado
https://tse2.mm.bing.net/th?id=OIP.XzpsJ2s6tPVYrRrVE9wmSQHaHa&pid=Api,Rado
https://tse4.mm.bing.net/th?id=OIP.H0MEisiLN5Pxw0zB4tIBfgHaHa&pid=Api,Rado
https://tse2.mm.bing.net/th?id=OIP.Yx1Gm6r-_yENTAThcxlLhAHaHa&pid=Api,Rado
https://tse2.mm.bing.net/th?id=OIP.PnpkRLldy9U4Ub9MUIa5iAHaHa&pid=Api,Rado
https://tse2.mm.bing.net/th?id=OIP.afy-VJ-X1Q4eyixkCntEbQHaHa&pid=Api,Rado
https://tse4.mm.bing.net/th?id=OIP.cZSi-GveS-d9A_x9imY8SAHaHo&pid=Api,Rado
https://tse2.mm.bing.net/th?id=OIP.OOXqNgDJHN-qM8dxyy4qrAHaHa&pid=Api,Rado
https://tse1.mm.bing.net/th?id=OIP.EC_L8nTX_NjlEaflSXB0RwHaHa&pid=Api,Rado
https://tse1.mm.bing.net/th?id=OIP.Hbs95YMUvMPIkW9ud5EVewHaHa&pid=Api,Rado
https://tse4.mm.bing.net/th?id=OIP.q09vl-Mt5-VvbhUURbGODwHaHa&pid=Api,Rado
https://tse4.mm.bing.net/th?id=OIP.IMSo1REBr8y3045aGKVaMgHaHa&pid=Api,Rado
https://tse2.mm.bing.net/th?id=OIP.qhvkyaZNx-unG4xETTgqbAHaHa&pid=Api,Rado
https://tse3.mm.bing.net/th?id=OIP.bGB6O8YmhfpDwfX6C2wL8AHaHa&pid=Api,Rado
https://tse3.mm.bing.net/th?id=OIP.KDRa-5_i1ZCVqqGNIzE7wAHaHa&pid=Api,Rado
https://tse1.mm.bing.net/th?id=OIP.Gk8g4SefYChl6UJAkj-4twD5D5&pid=Api,Rado
https://tse1.mm.bing.net/th?id=OIP.nn5NTBnLCtlZmJUPCndH0wHaHa&pid=Api,Rado
https://tse3.mm.bing.net/th?id=OIP.FATilzpOkgrk2n-tCo5y0AHaHa&pid=Api,Rado
https://tse1.mm.bing.net/th?id=OIP.L62Ybpv04YvN6r6wvyZVIAHaHa&pid=Api,Rado
https://tse2.mm.bing.net/th?id=OIP.cOivxcZMuYJb5xy-_dnczQHaHa&pid=Api,Rado
https://tse4.mm.bing.net/th?id=OIP.lVtEdl8J5zAlgEQVbT3BegHaHa&pid=Api,Rado
https://tse1.mm.bing.net/th?id=OIP.8J4HhTxsIFReixm6lBwDZQHaJF&pid=Api,Rado
https://tse2.mm.bing.net/th?id=OIP.vWsKOAcBSn7C3lMNWhz_swHaHG&pid=Api,Rado
https://tse4.mm.bing.net/th?id=OIP.VtngI9er64BcqdIrx7-LGwHaHa&pid=Api,Rado
https://tse1.mm.bing.net/th?id=OIP.KCVZg-T1ik9gwUDwSXcO8wHaHa&pid=Api,Rado
https://tse4.mm.bing.net/th?id=OIP.Ez0YhiktzQ4n9KdJI7ibvgHaHa&pid=Api,Rado
https://tse4.mm.bing.net/th?id=OIP.Zged1ku9z2OnsmVHnvoUKwHaHa&pid=Api,Rado
https://tse2.mm.bing.net/th?id=OIP.hkLeABGVX40WF4kaosV6ewHaHa&pid=Api,Rado
https://tse3.mm.bing.net/th?id=OIP.xqI2MG4X12W6XGv9pHIw_QHaHa&pid=Api,Rado
https://tse4.mm.bing.net/th?id=OIP.g7YG8OCMxtaVdIzsgKCANwHaHa&pid=Api,Rado
https://tse3.mm.bing.net/th?id=OIP.TuZhkYBJEwp6rsRhSHY47gHaHa&pid=Api,Rado
https://tse3.mm.bing.net/th?id=OIP.9zsEImBdiPIJ9eWdvk-_tgHaHa&pid=Api,Rado
https://tse1.mm.bing.net/th?id=OIP.1-6-k7mXYaSasQeH7a7PqgHaHa&pid=Api,Rado
https://tse4.mm.bing.net/th?id=OIP.ScefOjqeIj_0TWr7BXLLxAHaHa&pid=Api,Rado
https://tse4.mm.bing.net/th?id=OIP.Uwg_aIMIQGyPKZicw_XVSwHaHH&pid=Api,Rado
https://tse2.mm.bing.net/th?id=OIP.IuZ48vuxfF5_bcdwqz9dIwHaHa&pid=Api,Rado
https://tse2.mm.bing.net/th?id=OIP.yh42W6aoQfU4kJXovE8HOwHaHa&pid=Api,Rado
https://tse4.mm.bing.net/th?id=OIP.C6J3_-GT5i1GmTwnA9qA7AEsEE&pid=Api,Rado
https://tse2.mm.bing.net/th?id=OIP.1sYrX-39wQLZ38WzjO4-dQHaJQ&pid=Api,Patek Philippe
https://tse4.mm.bing.net/th?id=OIP.koMwNtqTyiAvVi2dxsP-MAHaHa&pid=Api,Patek Philippe
https://tse2.mm.bing.net/th?id=OIP.KEph6aKDe5_5KYQdTeKFGAHaHq&pid=Api,Patek Philippe
https://tse2.mm.bing.net/th?id=OIP.nG0sK68tufwJxOg5IrEbRgHaJQ&pid=Api,Patek Philippe
https://tse3.mm.bing.net/th?id=OIP.8itExYE4X2aXR783sev_7wHaHa&pid=Api,Patek Philippe
https://tse4.mm.bing.net/th?id=OIP.aDAbk8Bpovg6eLVuizj9uwHaHa&pid=Api,Patek Philippe
https://tse3.mm.bing.net/th?id=OIP.-mQGE6FfE98Yws75Ow3JlAHaHa&pid=Api,Patek Philippe
https://tse2.mm.bing.net/th?id=OIP.sNSMFqqtMtDD3v9qob6AEQHaHC&pid=Api,Patek Philippe
https://tse2.mm.bing.net/th?id=OIP.t_QcDh9IcvSPQJvq99K7cgHaIX&pid=Api,Patek Philippe
https://tse3.mm.bing.net/th?id=OIP.mXRxR8hUv993Aif2vjHTuAHaIY&pid=Api,Patek Philippe
https://tse1.mm.bing.net/th?id=OIP.JyBumE-ZDeL4b7jNUKpvMAHaIY&pid=Api,Patek Philippe
https://tse1.mm.bing.net/th?id=OIP.yhJL-Br8xojD-LrBWQZhIAHaHa&pid=Api,Patek Philippe
https://tse4.mm.bing.net/th?id=OIP.h_PjukHLvcAEcOOtA9UlFQHaHa&pid=Api,Patek Philippe
https://tse3.mm.bing.net/th?id=OIP.0JLhMlSLIXAFLCqdmuyoswHaHa&pid=Api,Patek Philippe
https://tse2.mm.bing.net/th?id=OIP.hMbMpwkoW7jaZy2DzfF6PQHaHb&pid=Api,Patek Philippe
https://tse4.mm.bing.net/th?id=OIP.T46gmR5bLchPsm7UjB8Y4AHaIS&pid=Api,Patek Philippe
https://tse1.mm.bing.net/th?id=OIP.TqidGLtYZbqzKukJ-L4tDwHaHa&pid=Api,Patek Philippe
https://tse2.mm.bing.net/th?id=OIP.UAcFoJD-D50wgt6i4h6p-wHaGp&pid=Api,Patek Philippe
https://tse1.mm.bing.net/th?id=OIP.L3c3WNYg4siw4Fg5NG-CcQHaGj&pid=Api,Patek Philippe
https://tse1.mm.bing.net/th?id=OIP.__wJjPlTKyM2IvXr5bP0hwHaIm&pid=Api,Patek Philippe
https://tse1.mm.bing.net/th?id=OIP.mlvTupyLIzfsT91Czf57SAHaHa&pid=Api,Patek Philippe
https://tse2.mm.bing.net/th?id=OIP.FGzqbJ8X4gaozxPYSGIhmQHaH5&pid=Api,Patek Philippe
https://tse4.mm.bing.net/th?id=OIP.YNIIdiZ5APHneYPwNXZDcQHaHa&pid=Api,Patek Philippe
https://tse1.mm.bing.net/th?id=OIP.y8-1V01ASCLcHHu5pOc2TgHaJF&pid=Api,Patek Philippe
https://tse1.mm.bing.net/th?id=OIP.3F_TbVmB-oTAvZkX81NjgwHaHa&pid=Api,Patek Philippe
https://tse2.mm.bing.net/th?id=OIP.8TkMdVModHRLk-g6ElQ41AHaHa&pid=Api,Patek Philippe
https://tse1.mm.bing.net/th?id=OIP.jd1J3qZSq7ILab-yTzDHOAHaHa&pid=Api,Patek Philippe
https://tse4.mm.bing.net/th?id=OIP.1Y6zXGUt5g8cKJ7lHIwEzwHaIl&pid=Api,Patek Philippe
https://tse1.mm.bing.net/th?id=OIP.n8UPGsNf3P7PrOGEzDGPrwHaHa&pid=Api,Patek Philippe
https://tse3.mm.bing.net/th?id=OIP.UFYVZ4l7_UjxvWSzgSgZ1AHaHY&pid=Api,Patek Philippe
https://tse4.mm.bing.net/th?id=OIP.2Xg7AQkC895hx9vP1tb60QHaHa&pid=Api,Patek Philippe
https://tse3.mm.bing.net/th?id=OIP.ldaFsc3YdexBpT7ZITDWNAHaIH&pid=Api,Patek Philippe
https://tse4.mm.bing.net/th?id=OIP.2HeM_HHcpItS7Tg38-MJjAHaI1&pid=Api,Patek Philippe
https://tse3.mm.bing.net/th?id=OIP.iOpysQCRo-KwSSrxugYYYQHaJQ&pid=Api,Patek Philippe
https://tse2.mm.bing.net/th?id=OIP.wfi_UWZ6qorvO-nznuZVpwHaHa&pid=Api,Patek Philippe
https://tse2.mm.bing.net/th?id=OIP.gokkaHZi1ljchy9sgCt2eAHaIt&pid=Api,Patek Philippe
https://tse3.mm.bing.net/th?id=OIP.xa1PwSjSTEFtZhEOWdhM3gHaHa&pid=Api,Patek Philippe
https://tse3.mm.bing.net/th?id=OIP.GKUsAN4RkcUEC8SI0kqbZgHaIk&pid=Api,Patek Philippe
https://tse2.mm.bing.net/th?id=OIP.SyThZLIJ-vdR2XAUtKpjtgHaJD&pid=Api,Patek Philippe
https://tse1.mm.bing.net/th?id=OIP.23BKxa1TvnejZNSGO6QNzQHaHa&pid=Api,Patek Philippe
https://tse2.mm.bing.net/th?id=OIP.ducnNstAwGwwN7Nk-tIRlgHaHa&pid=Api,Patek Philippe
https://tse4.mm.bing.net/th?id=OIP.n9A0X5bgA6sNo4kQaKAd7gHaGU&pid=Api,Patek Philippe
https://tse2.mm.bing.net/th?id=OIP.qkC0_JytVjBZ69BgISqcugHaHa&pid=Api,Patek Philippe
https://tse4.mm.bing.net/th?id=OIP.cO8kV2Xl73ipmF9ziAHKaQHaJQ&pid=Api,Patek Philippe
https://tse1.mm.bing.net/th?id=OIP.p6B6LsKsTgUWudSDknoSBAHaHa&pid=Api,Patek Philippe
https://tse2.mm.bing.net/th?id=OIP.Rsnl8Au8S5s_etkni5cyqQHaHa&pid=Api,Patek Philippe
https://tse1.mm.bing.net/th?id=OIP.56mZfmIbF1wzfomG6L4BfwHaJI&pid=Api,Patek Philippe
https://tse1.mm.bing.net/th?id=OIP.6QNr-PoaqspzIgmqv3YgBgHaHa&pid=Api,Patek Philippe
https://tse3.mm.bing.net/th?id=OIP.QmWl1lJ0aLBR2x2Ng8i-wwHaHa&pid=Api,Patek Philippe
https://tse4.mm.bing.net/th?id=OIP.PJV7NyjKJO1w25cPvcdLowHaHa&pid=Api,Patek Philippe
https://tse4.mm.bing.net/th?id=OIP.zXXtwV0olzFizvUmNPdOBwHaHa&pid=Api,Patek Philippe
https://tse2.mm.bing.net/th?id=OIP.ZYtX2pNTvnNvW2wnLwDqwgHaHa&pid=Api,Patek Philippe
https://tse1.mm.bing.net/th?id=OIP.Up3vIzgt6rQqDDh5kWZITgHaJB&pid=Api,Patek Philippe
https://tse1.mm.bing.net/th?id=OIP.-j34M8RZhXjCsLpOQFSLIgHaHa&pid=Api,Patek Philippe
https://tse1.mm.bing.net/th?id=OIP.i0_HnTOwotx-xpX0M1PRUgHaH7&pid=Api,Patek Philippe
https://tse4.mm.bing.net/th?id=OIP.5gTIHvFhmARwbGN2G_qUawHaHa&pid=Api,Patek Philippe
https://tse3.mm.bing.net/th?id=OIP.f_R-o5xOF2GAnhRz1_JFxQHaHa&pid=Api,Patek Philippe
https://tse4.mm.bing.net/th?id=OIP.OVTRmSYERHusuSSL1CnfXwHaHa&pid=Api,Patek Philippe
https://tse3.mm.bing.net/th?id=OIP.U4Ma4NE9u3XtUnRZ2ISwXgHaHa&pid=Api,Patek Philippe
https://tse4.mm.bing.net/th?id=OIP.VLkr7jZpsSBPjOJnJ-xOIQHaID&pid=Api,Patek Philippe
https://tse4.mm.bing.net/th?id=OIP.Pl0wKoALDK7lwKPLh7UGaAHaHa&pid=Api,Patek Philippe
https://tse3.mm.bing.net/th?id=OIP.3RpchRsuOJb3XyRe3YgBHwHaHa&pid=Api,Patek Philippe
https://tse3.mm.bing.net/th?id=OIP.myfD_nbr0X-1yUJ-Zv0SYQHaIq&pid=Api,Patek Philippe
https://tse1.mm.bing.net/th?id=OIP.PtgASxtABLmdipJKmyDlrAHaIl&pid=Api,Patek Philippe
https://tse4.mm.bing.net/th?id=OIP.0nWpAAhSuMReLul0rL7QLwHaHa&pid=Api,Patek Philippe
https://tse1.mm.bing.net/th?id=OIP.2j6Lf9iO67xk6Hx2wsgrNgHaIm&pid=Api,Patek Philippe
https://tse3.mm.bing.net/th?id=OIP.Fi2o60U6VU-V9mIApJAsfQHaIZ&pid=Api,Patek Philippe
https://tse2.mm.bing.net/th?id=OIP.TVHV7_iAPwAIiHeHldm22gHaHa&pid=Api,Patek Philippe
https://tse1.mm.bing.net/th?id=OIP.kdQGsuigUabQVzKfdo1g1wHaHa&pid=Api,Patek Philippe
https://tse4.mm.bing.net/th?id=OIP.Aluut6rWLZag7eLLSdNxsQHaHa&pid=Api,Patek Philippe
https://tse3.mm.bing.net/th?id=OIP.U71gbQ54jfietSkepIUUoQHaHa&pid=Api,Patek Philippe
https://tse4.mm.bing.net/th?id=OIP.lP-NToBxg8y_AbVS56PoQwHaHa&pid=Api,Patek Philippe
https://tse4.mm.bing.net/th?id=OIP.nHMwD8lqXby-aXIydarCFAHaIz&pid=Api,Patek Philippe
https://tse3.mm.bing.net/th?id=OIP.0NtxoxO2FkvyfZTIMBcBiQHaHD&pid=Api,Patek Philippe
https://tse2.mm.bing.net/th?id=OIP.2NjH41PP1_3lxlq3-t8qvwHaHa&pid=Api,Patek Philippe
https://tse4.mm.bing.net/th?id=OIP.owDAvaSfJY7u55wvawSIPgHaIW&pid=Api,Patek Philippe
https://tse3.mm.bing.net/th?id=OIP.Hnzj3P1Io26HMNXIyPcVAQHaHa&pid=Api,Patek Philippe
https://tse4.mm.bing.net/th?id=OIP.0_3N_gkFjulvur9wWm4l_wHaHa&pid=Api,Patek Philippe
https://tse3.mm.bing.net/th?id=OIP.39pnPyl1-ZHBDrFOnW7LSQHaHa&pid=Api,Patek Philippe
https://tse3.mm.bing.net/th?id=OIP.-kkmUwGogHOy_1R_WtVY6AHaIg&pid=Api,Patek Philippe
https://tse1.mm.bing.net/th?id=OIP.O-4W5sKUvMqh4htEgQrerwHaHa&pid=Api,Patek Philippe
https://tse4.mm.bing.net/th?id=OIP.z_iTdyCwmHtBbQk4RkFD_AHaHa&pid=Api,Patek Philippe
https://tse4.mm.bing.net/th?id=OIP.lgWuBRQqZhW4Qx4s0IznigHaHa&pid=Api,Patek Philippe
https://tse2.mm.bing.net/th?id=OIP.j2bIXrnu462JF8zyehuvqgHaHa&pid=Api,Patek Philippe
https://tse3.mm.bing.net/th?id=OIP.XuRgrDn2XxPMksfqDcH1CwHaHa&pid=Api,Patek Philippe
https://tse3.mm.bing.net/th?id=OIP.3qoFBNnouHTF-ke3cgwpCwHaHa&pid=Api,Patek Philippe
https://tse2.mm.bing.net/th?id=OIP.PtC2VnrVhsiybEAe9MVfSwHaHa&pid=Api,Patek Philippe
https://tse2.mm.bing.net/th?id=OIP.I_vdEOuhpofB-xW-PZ1pzAHaHa&pid=Api,Patek Philippe
https://tse1.mm.bing.net/th?id=OIP.Y_5WBeHFkpumaLd4jRt58QHaH0&pid=Api,Patek Philippe
https://tse4.mm.bing.net/th?id=OIP.AdyU0nWvVykeknv5g949RAHaHa&pid=Api,Patek Philippe
https://tse2.mm.bing.net/th?id=OIP.wfrLnkHSXkXUMPSkoHSzOQHaHh&pid=Api,Patek Philippe
https://tse2.mm.bing.net/th?id=OIP.283maBHxP1M3-qH3pPBGgAHaHr&pid=Api,Patek Philippe
https://tse2.mm.bing.net/th?id=OIP.Ar7edyth7oPG3nT0GJO42AHaHa&pid=Api,Patek Philippe
https://tse2.mm.bing.net/th?id=OIP.Rok--wXBY0zDu4oPP29yUwHaH6&pid=Api,Patek Philippe
https://tse1.mm.bing.net/th?id=OIP.LBSmMbYCJ1-ICjFYCEVutAHaHa&pid=Api,Patek Philippe
https://tse4.mm.bing.net/th?id=OIP.AnaAG0YTt5y2mNQZ0fISxgHaHL&pid=Api,Patek Philippe
https://tse1.mm.bing.net/th?id=OIP.Z3ZfRGHLhjgNyGceGjLOvQHaJQ&pid=Api,Patek Philippe
https://tse1.mm.bing.net/th?id=OIP.NLAnCBYAlzsXqhhbeL2b8wHaHU&pid=Api,Patek Philippe
https://tse4.mm.bing.net/th?id=OIP.8MPnEgIci9i4hqHdt3SmYAHaIm&pid=Api,Patek Philippe
https://tse4.mm.bing.net/th?id=OIP.1L4XBKO0NrIWrWkLhrIevgHaHz&pid=Api,Patek Philippe
https://tse3.mm.bing.net/th?id=OIP._BGtQDVx0kZibXV0oTE77AHaHa&pid=Api,Vacheron Constantin
https://tse4.mm.bing.net/th?id=OIP.avHZ7MCcG5CzXQ3VQuRSGwHaHa&pid=Api,Vacheron Constantin
https://tse2.mm.bing.net/th?id=OIP.GIMOtuMmQENdQE93Z2evDwHaJK&pid=Api,Vacheron Constantin
https://tse1.mm.bing.net/th?id=OIP.Aj5aVu_SaM-o6MQgu84HcQHaHa&pid=Api,Vacheron Constantin
https://tse3.mm.bing.net/th?id=OIP.jLBIitaDMbuwApT6sct3vwHaJH&pid=Api,Vacheron Constantin
https://tse3.mm.bing.net/th?id=OIP.rl8lbzKxeUD76USenq7MUgHaHa&pid=Api,Vacheron Constantin
https://tse2.mm.bing.net/th?id=OIP.4xYHGc-4FOVfntOoX65p_QHaGO&pid=Api,Vacheron Constantin
https://tse2.mm.bing.net/th?id=OIP.SLBbyXzhUU-iVY2RiKEWGAHaGl&pid=Api,Vacheron Constantin
https://tse2.mm.bing.net/th?id=OIP.Y05xsotUZaIg9cZK3sFJuAHaIl&pid=Api,Vacheron Constantin
https://tse4.mm.bing.net/th?id=OIP.Q7EZsiAj8Z1A3jHRhcGerwHaHW&pid=Api,Vacheron Constantin
https://tse1.mm.bing.net/th?id=OIP.hSkgeA490ZeXqueA1eaPywHaId&pid=Api,Vacheron Constantin
https://tse3.mm.bing.net/th?id=OIP.1jI1ei6mChgBeUdKHRmlkgHaHa&pid=Api,Vacheron Constantin
https://tse4.mm.bing.net/th?id=OIP.J9Tp_l4F2vb0S7NYfv6JYwHaIl&pid=Api,Vacheron Constantin
https://tse3.mm.bing.net/th?id=OIP.vzri1T18Sqw8TF6stO0KjAHaG8&pid=Api,Vacheron Constantin
https://tse4.mm.bing.net/th?id=OIP.bTLUbp54Zq2pX1H5Emm9CwHaHa&pid=Api,Vacheron Constantin
https://tse2.mm.bing.net/th?id=OIP.mtaPcimbNjv80zrZwI6YpgHaH5&pid=Api,Vacheron Constantin
https://tse4.mm.bing.net/th?id=OIP.fjKPNHRChIxsYU78ez8RKAHaI1&pid=Api,Vacheron Constantin
https://tse1.mm.bing.net/th?id=OIP.N80AUj1GQv2mjvWQeOm_pwHaHn&pid=Api,Vacheron Constantin
https://tse3.mm.bing.net/th?id=OIP.sHxrp5qlHY3LiugJ-sZ49gHaHa&pid=Api,Vacheron Constantin
https://tse4.mm.bing.net/th?id=OIP.OjG4eACYquAHhkcbC046PwHaIn&pid=Api,Vacheron Constantin
https://tse3.mm.bing.net/th?id=OIP.Nvzv9kRdnbcGJOAReRXaSgHaHa&pid=Api,Vacheron Constantin
https://tse1.mm.bing.net/th?id=OIP.spkOodyCXQPFLo0Z_bX_oAHaH5&pid=Api,Vacheron Constantin
https://tse1.mm.bing.net/th?id=OIP.iEdujkFuhlH6Mmns5_C5sAHaHa&pid=Api,Vacheron Constantin
https://tse4.mm.bing.net/th?id=OIP.-9TIE1Z_SwC-upaxOIKPEQHaIl&pid=Api,Vacheron Constantin
https://tse1.mm.bing.net/th?id=OIP.Rz-qb_Fxf_cC7dMK7rJeZQHaGL&pid=Api,Vacheron Constantin
https://tse2.mm.bing.net/th?id=OIP.iGnUC-mU4WX-uUv3qDMljQHaHa&pid=Api,Vacheron Constantin
https://tse1.explicit.bing.net/th?id=OIP.fVNpKijhu71rIwgp6ikDCwHaHa&pid=Api,Vacheron Constantin
https://tse4.mm.bing.net/th?id=OIP.oVCD1yCyCx0lD0k65i6f9gHaIu&pid=Api,Vacheron Constantin
https://tse2.mm.bing.net/th?id=OIP.tZkJ1ME0qGHBeoY1MsbN6wHaHa&pid=Api,Vacheron Constantin
https://tse1.mm.bing.net/th?id=OIP.RUW8EqnaId9xR4rDGyL1gwHaHa&pid=Api,Vacheron Constantin
https://tse2.mm.bing.net/th?id=OIP.TvwUjaIj3jwvcqy632VicgHaHa&pid=Api,Vacheron Constantin
https://tse2.mm.bing.net/th?id=OIP.zoCgaYvKxZ3-4M2FM2ySpwHaHa&pid=Api,Vacheron Constantin
https://tse4.mm.bing.net/th?id=OIP.TU_AlZ8tpakl8zd9vVm72QHaHa&pid=Api,Vacheron Constantin
https://tse2.mm.bing.net/th?id=OIP.qoAX7pKNCA3YabCZ9zoPXAHaHD&pid=Api,Vacheron Constantin
https://tse3.mm.bing.net/th?id=OIP.pgY0-pibfN3v5nORPGl54gHaHa&pid=Api,Vacheron Constantin
https://tse3.mm.bing.net/th?id=OIP.bsyU8QTDdyIbtpKEOgZ5jgHaHa&pid=Api,Vacheron Constantin
https://tse4.mm.bing.net/th?id=OIP.CmnXya-tmiuHD3ufi4jGfQHaHa&pid=Api,Vacheron Constantin
https://tse4.mm.bing.net/th?id=OIP.KUdr_KLk5dAS3BehrJqOPQHaHa&pid=Api,Vacheron Constantin
https://tse2.mm.bing.net/th?id=OIP.ki5Y5dA5RxLHL_MWRCpo0gHaHa&pid=Api,Vacheron Constantin
https://tse3.mm.bing.net/th?id=OIP.OJ1fg1TXeSHsQrVts9OPpAHaHa&pid=Api,Vacheron Constantin
https://tse1.mm.bing.net/th?id=OIP.Kc0AekML4kgpUew0w2whtgHaHa&pid=Api,Vacheron Constantin
https://tse1.mm.bing.net/th?id=OIP.J4sB6xxJjjv4hxSKGV0-xwHaHa&pid=Api,Vacheron Constantin
https://tse3.mm.bing.net/th?id=OIP.FQPRsTyntE6_dxmjsdaf5QHaHa&pid=Api,Vacheron Constantin
https://tse4.mm.bing.net/th?id=OIP.VYRfjeFZNHpa8nJjEqW8pgHaHa&pid=Api,Vacheron Constantin
https://tse4.mm.bing.net/th?id=OIP.a9DWgtJD-3DVZqXUT_ptIwHaHa&pid=Api,Vacheron Constantin
https://tse4.mm.bing.net/th?id=OIP.lyWl0hhjEg0p4rCA_aD3wwHaHa&pid=Api,Vacheron Constantin
https://tse1.mm.bing.net/th?id=OIP.jTU7GGHkFFANJgGmQpeB7wHaIi&pid=Api,Vacheron Constantin
https://tse4.mm.bing.net/th?id=OIP.mHKIt54SVBxcwxLMIrG0tgHaIf&pid=Api,Vacheron Constantin
https://tse1.mm.bing.net/th?id=OIP.F-ncFctwZ1syS1zuPIrN6wHaHa&pid=Api,Vacheron Constantin
https://tse1.mm.bing.net/th?id=OIP.g_kXHh9z-y8biG6VnxWS7wHaHa&pid=Api,Vacheron Constantin
https://tse3.mm.bing.net/th?id=OIP.b1rQl2gGOmas_4pyIC7_SwHaIl&pid=Api,Vacheron Constantin
https://tse3.mm.bing.net/th?id=OIP.mNX9hy-lepQrD9-cOFCzDgHaHa&pid=Api,Vacheron Constantin
https://tse2.mm.bing.net/th?id=OIP.QXye0Su7xE-_PY-_WxZqvAHaHa&pid=Api,Vacheron Constantin
https://tse1.mm.bing.net/th?id=OIP.S87rAh5EmMxi2veXtwVz6wHaIw&pid=Api,Vacheron Constantin
https://tse1.mm.bing.net/th?id=OIP.xB9SoccPDWCG_K5reH55AAHaHa&pid=Api,Vacheron Constantin
https://tse3.mm.bing.net/th?id=OIP.3mlu-r21qJnSkaZaCcjDogHaHa&pid=Api,Vacheron Constantin
https://tse4.mm.bing.net/th?id=OIP.r4fzun6y2K16a1S0NTELzQHaHa&pid=Api,Vacheron Constantin
https://tse1.mm.bing.net/th?id=OIP.XEBhAAa7RatDc1tpGE6GYAHaIo&pid=Api,Vacheron Constantin
https://tse2.mm.bing.net/th?id=OIP.qaHa3qtpQ9hGt7uKmQfMhgHaHa&pid=Api,Vacheron Constantin
https://tse2.mm.bing.net/th?id=OIP.iEDrpVSb_LevDyUXS8xcagD6D6&pid=Api,Vacheron Constantin
https://tse2.mm.bing.net/th?id=OIP.Kmpq_bkk1DVfgWcIH8kOgQHaHa&pid=Api,Vacheron Constantin
https://tse3.explicit.bing.net/th?id=OIP.waCAq6ODOJ-bnjHURaoCoQHaHa&pid=Api,Vacheron Constantin
https://tse1.mm.bing.net/th?id=OIP.5lF4HdTw3Qajb_EZ24YiXgHaHa&pid=Api,Vacheron Constantin
https://tse2.mm.bing.net/th?id=OIP.e9ZLKvKg9pcZTyYsiHpPNAHaIm&pid=Api,Vacheron Constantin
https://tse2.mm.bing.net/th?id=OIP.X5e9a4RnA9P7SrxMu6wQrwHaHa&pid=Api,Vacheron Constantin
https://tse3.mm.bing.net/th?id=OIP.KdEj2zLRMQnCieJP0qgq-AHaHa&pid=Api,Vacheron Constantin
https://tse2.mm.bing.net/th?id=OIP.l34IkVTMw2hApzVdUZYkXgHaI3&pid=Api,Vacheron Constantin
https://tse2.mm.bing.net/th?id=OIP._kwtncBVnmL_uKqlMiinrQHaHa&pid=Api,Vacheron Constantin
https://tse2.mm.bing.net/th?id=OIP.6ilUJp52KjH9nW9sbAngRQHaHa&pid=Api,Vacheron Constantin
https://tse3.mm.bing.net/th?id=OIP.qaZI6es13KxkUL5TogpeWwHaHa&pid=Api,Vacheron Constantin
https://tse3.mm.bing.net/th?id=OIP.63cOjSSwvWNhTwdZA-t6SQHaHa&pid=Api,Vacheron Constantin
https://tse4.mm.bing.net/th?id=OIP.XkETwHXy_k45RlZfW3-vpQHaHU&pid=Api,Vacheron Constantin
https://tse2.mm.bing.net/th?id=OIP.BVkSqKld8tR9Od3OQ79TiAHaHa&pid=Api,Vacheron Constantin
https://tse3.mm.bing.net/th?id=OIP.VdsabgBjZ_O8n5pUAUrzdAHaHi&pid=Api,Vacheron Constantin
https://tse3.mm.bing.net/th?id=OIP.BNQsVMsKCJS5C5fC3IXZZQHaHa&pid=Api,Vacheron Constantin
https://tse4.mm.bing.net/th?id=OIP.0PuA7Nj7c9MnZtOsebdkegHaHa&pid=Api,Vacheron Constantin
https://tse1.mm.bing.net/th?id=OIP.KU4q-kdOhPCqKLaPb005rAHaHa&pid=Api,Vacheron Constantin
https://tse2.mm.bing.net/th?id=OIP.dnThI_cZWW2u9yArIw3fjwHaHa&pid=Api,Vacheron Constantin
https://tse4.mm.bing.net/th?id=OIP.jJHoGkVMUABt6NRhGBabugHaHP&pid=Api,Vacheron Constantin
https://tse3.mm.bing.net/th?id=OIP.1Wno8o4LtAdeXY1t-tKNegHaIl&pid=Api,Vacheron Constantin
https://tse1.mm.bing.net/th?id=OIP.jv2gEnhK_uglPTJJRx2GpgHaJQ&pid=Api,Vacheron Constantin
https://tse1.mm.bing.net/th?id=OIP.Yi9z0AkyxxuMYa8d0ZHlWAHaHa&pid=Api,Vacheron Constantin
https://tse2.mm.bing.net/th?id=OIP.D2VCNpFhVOFIuqJ2O_YBTwHaHa&pid=Api,Vacheron Constantin
https://tse2.mm.bing.net/th?id=OIP.hQBKy6VuijaiiPBhM0oc7AHaHa&pid=Api,Vacheron Constantin
https://tse3.mm.bing.net/th?id=OIP.UsNHL0FDPzjN6UVZ9_lpZAHaHa&pid=Api,Vacheron Constantin
https://tse1.mm.bing.net/th?id=OIP.ByWMXrVeH2TQFLTGmVIShAHaHa&pid=Api,Vacheron Constantin
https://tse1.mm.bing.net/th?id=OIP.DGyMGfRr_55fmSIADrQzMQHaHa&pid=Api,Vacheron Constantin
https://tse2.mm.bing.net/th?id=OIP.lqri3lhlKyc299gUgjet5gHaHV&pid=Api,Vacheron Constantin
https://tse2.mm.bing.net/th?id=OIP.rMxstLBrN65Mob3MW0IAbwHaHe&pid=Api,Vacheron Constantin
https://tse3.mm.bing.net/th?id=OIP.n5donNNCqkGMGq0nEcH6rQHaHa&pid=Api,Vacheron Constantin
https://tse2.mm.bing.net/th?id=OIP.t9Z994p0DosW8MMkA9c-SwHaHa&pid=Api,Vacheron Constantin
https://tse4.mm.bing.net/th?id=OIP.barfOZDZw28KGdfiHQ-dRQHaIl&pid=Api,Vacheron Constantin
https://tse3.mm.bing.net/th?id=OIP.rA0ECCvso15weC3DpN2QNAHaHa&pid=Api,Vacheron Constantin
https://tse1.mm.bing.net/th?id=OIP.PvMfPDEquDVPfu7bnQwaDQHaIl&pid=Api,Vacheron Constantin
https://tse3.mm.bing.net/th?id=OIP.-cX3SJNRpK3rrYmAMSPekgHaHa&pid=Api,Vacheron Constantin
https://tse3.mm.bing.net/th?id=OIP.6nVP0pilpQbazuK9NOLG_AHaHa&pid=Api,Vacheron Constantin
https://tse2.mm.bing.net/th?id=OIP.EX7JbQzY1_RJZxqbc0J3IwHaHa&pid=Api,Vacheron Constantin
https://tse1.mm.bing.net/th?id=OIP.r70EOycyLsp5GJI9jGFFswHaHa&pid=Api,Vacheron Constantin
https://tse4.mm.bing.net/th?id=OIP._V_xAkQM-6Cp-b5vFjFFlAHaHa&pid=Api,Vacheron Constantin
https://tse2.mm.bing.net/th?id=OIP.EVMz6KMIp96c1fwxaDxMVAHaIe&pid=Api,Vacheron Constantin
